Year,Level,Name,FIPS,SF_permits,SF_value,MF_permits,MF_value,2U_permits,2U_value,3-4U_permits,3-4U_value,5+U_permits,5+U_value
2024,City/Other,Acworth,13067003000,101,27424874,12,2820620,0,0,12,2820620,0,0
2025,City/Other,Acworth,13067003000,64,16700120,0,0,0,0,0,0,0,0
2024,City/Other,Adairsville,13015004000,79,12273072,0,0,0,0,0,0,0,0
2025,City/Other,Adairsville,13015004000,60,9764312,0,0,0,0,0,0,0,0
2024,City/Other,Adel,13075005000,25,5017368,0,0,0,0,0,0,0,0
2025,City/Other,Adel,13075005000,22,4796587,0,0,0,0,0,0,0,0
2024,City/Other,Ailey,13209008000,0,0,0,0,0,0,0,0,0,0
2025,City/Other,Ailey,13209008000,1,200000,0,0,0,0,0,0,0,0
2024,City/Other,Alamo,13309009000,0,0,0,0,0,0,0,0,0,0
2025,City/Other,Alamo,13309009000,0,0,0,0,0,0,0,0,0,0
2024,City/Other,Albany,13095011000,25,8138170,20,2216072,0,0,0,0,20,2216072
2025,City/Other,Albany,13095011000,32,9478560,0,0,0,0,0,0,0,0
2024,City/Other,Alma,13005018000,0,0,0,0,0,0,0,0,0,0
2025,City/Other,Alma,13005018000,14,4146870,0,0,0,0,0,0,0,0
2024,City/Other,Alpharetta,13121019000,226,116518605,0,0,0,0,0,0,0,0
2025,City/Other,Alpharetta,13121019000,340,197096154,0,0,0,0,0,0,0,0
2024,City/Other,Alto,13137022000,0,0,0,0,0,0,0,0,0,0
2025,City/Other,Alto,13137022000,7,2072117,0,0,0,0,0,0,0,0
2024,City/Other,Americus,13261024000,0,0,15,1406250,0,0,0,0,15,1406250
2025,City/Other,Americus,13261024000,0,0,12,1125000,0,0,0,0,12,1125000
2024,County,Appling,13001,17,9828952,0,0,0,0,0,0,0,0
2025,County,Appling,13001,17,1870000,4,380000,4,380000,0,0,0,0
2024,City/Other,Arabi,13081027000,1,40000,0,0,0,0,0,0,0,0
2025,City/Other,Arabi,13081027000,1,40000,0,0,0,0,0,0,0,0
2024,City/Other,Aragon,13233028000,0,0,0,0,0,0,0,0,0,0
2025,City/Other,Aragon,13233028000,0,0,0,0,0,0,0,0,0,0
2024,City/Other,Arcade,13157029000,5,1431700,0,0,0,0,0,0,0,0
2025,City/Other,Arcade,13157029000,17,5015426,0,0,0,0,0,0,0,0
2024,City/Other,Arlington,13037031000,0,0,0,0,0,0,0,0,0,0
2025,City/Other,Arlington,13037031000,0,0,0,0,0,0,0,0,0,0
2024,City/Other,Athens-Clarke County,13059035000,212,48390257,960,118149964,0,0,84,7769598,876,110380366
2025,City/Other,Athens-Clarke County,13059035000,226,48314638,522,73261472,0,0,0,0,522,73261472
2024,County,Atkinson,13003,18,2153539,0,0,0,0,0,0,0,0
2025,County,Atkinson,13003,18,2144784,0,0,0,0,0,0,0,0
2024,City/Other,Atkinson County,13003036000,18,2153539,0,0,0,0,0,0,0,0
2025,City/Other,Atkinson County,13003036000,18,2144784,0,0,0,0,0,0,0,0
2024,City/Other,Atlanta,13121038000,791,225945105,7318,1142000194,102,20263039,369,63242263,6847,1058494892
2025,City/Other,Atlanta,13121038000,561,164969672,5061,782526840,156,29192203,236,37907088,4669,715427549
2024,City/Other,Auburn,13013040000,34,9742634,0,0,0,0,0,0,0,0
2025,City/Other,Auburn,13013040000,215,63643589,0,0,0,0,0,0,0,0
2024,City/Other,Augusta-Richmond County Unincorporated Area,13245570000,548,105652748,0,0,0,0,0,0,0,0
2025,City/Other,Augusta-Richmond County Unincorporated Area,13245570000,529,93519182,0,0,0,0,0,0,0,0
2024,City/Other,Austell,13067043000,23,2432048,0,0,0,0,0,0,0,0
2025,City/Other,Austell,13067043000,109,17783191,58,9036980,0,0,0,0,58,9036980
2024,City/Other,Avondale Estates,13089047000,0,0,0,0,0,0,0,0,0,0
2025,City/Other,Avondale Estates,13089047000,0,0,66,11369330,0,0,0,0,66,11369330
2024,County,Bacon,13005,0,0,0,0,0,0,0,0,0,0
2025,County,Bacon,13005,14,4146870,0,0,0,0,0,0,0,0
2024,City/Other,Bainbridge,13087050000,55,10716919,56,4951345,6,299559,0,0,50,4651786
2025,City/Other,Bainbridge,13087050000,50,9729474,60,5499111,0,0,0,0,60,5499111
2024,County,Baker,13007,0,0,0,0,0,0,0,0,0,0
2025,County,Baker,13007,0,0,0,0,0,0,0,0,0,0
2024,County,Baldwin,13009,100,33964605,102,11275551,22,3493000,68,5589600,12,2192951
2024,City/Other,Baldwin,13137053000,6,2019300,0,0,0,0,0,0,0,0
2025,County,Baldwin,13009,79,29465785,16,2926614,0,0,3,474899,13,2451715
2025,City/Other,Baldwin,13137053000,13,2418800,0,0,0,0,0,0,0,0
2024,City/Other,Baldwin County Unincorporated Area,13009054000,97,33642352,100,11205551,20,3423000,68,5589600,12,2192951
2025,City/Other,Baldwin County Unincorporated Area,13009054000,70,26799940,16,2926614,0,0,3,474899,13,2451715
2024,City/Other,Ball Ground,13057055000,77,60441850,0,0,0,0,0,0,0,0
2025,City/Other,Ball Ground,13057055000,68,53034625,0,0,0,0,0,0,0,0
2024,County,Banks,13011,102,35691960,0,0,0,0,0,0,0,0
2025,County,Banks,13011,109,21179145,0,0,0,0,0,0,0,0
2024,City/Other,Banks County Unincorporated Area,13011056000,44,6320698,0,0,0,0,0,0,0,0
2025,City/Other,Banks County Unincorporated Area,13011056000,46,9619705,0,0,0,0,0,0,0,0
2024,City/Other,Barnesville,13171057000,33,3233319,0,0,0,0,0,0,0,0
2025,City/Other,Barnesville,13171057000,2,592410,0,0,0,0,0,0,0,0
2024,County,Barrow,13013,1116,198286025,311,60885798,0,0,0,0,311,60885798
2025,County,Barrow,13013,1300,301898663,284,48914172,0,0,0,0,284,48914172
2024,City/Other,Barrow County Unincorporated Area,13013058000,779,101419220,244,35017904,0,0,0,0,244,35017904
2025,City/Other,Barrow County Unincorporated Area,13013058000,733,123590283,284,48914172,0,0,0,0,284,48914172
2024,County,Bartow,13015,1139,321313260,483,70681353,142,21911985,76,11072819,265,37696549
2024,City/Other,Bartow,13163060000,0,0,0,0,0,0,0,0,0,0
2025,County,Bartow,13015,795,246876462,235,38350349,0,0,42,6459079,193,31891270
2025,City/Other,Bartow,13163060000,0,0,0,0,0,0,0,0,0,0
2024,City/Other,Bartow County Unincorporated Area,13015059000,781,203465623,483,70681353,142,21911985,76,11072819,265,37696549
2025,City/Other,Bartow County Unincorporated Area,13015059000,468,137608688,235,38350349,0,0,42,6459079,193,31891270
2024,City/Other,Baxley,13001063000,17,9828952,0,0,0,0,0,0,0,0
2025,City/Other,Baxley,13001063000,17,1870000,4,380000,4,380000,0,0,0,0
2024,County,Ben Hill,13017,6,1084015,0,0,0,0,0,0,0,0
2025,County,Ben Hill,13017,13,2048451,4,300000,4,300000,0,0,0,0
2024,City/Other,Ben Hill County Unincorporated Area,13017065000,5,669015,0,0,0,0,0,0,0,0
2025,City/Other,Ben Hill County Unincorporated Area,13017065000,7,936621,0,0,0,0,0,0,0,0
2024,City/Other,Berkeley Lake,13135066000,2,1836000,0,0,0,0,0,0,0,0
2025,City/Other,Berkeley Lake,13135066000,0,0,0,0,0,0,0,0,0,0
2024,County,Berrien,13019,91,31166840,44,5423484,0,0,0,0,44,5423484
2025,County,Berrien,13019,80,29963338,35,4314135,0,0,0,0,35,4314135
2024,City/Other,Berrien County Unincorporated Area,13019068000,45,8965980,0,0,0,0,0,0,0,0
2025,City/Other,Berrien County Unincorporated Area,13019068000,43,12975460,0,0,0,0,0,0,0,0
2024,City/Other,Between,13297070000,5,1855800,0,0,0,0,0,0,0,0
2025,City/Other,Between,13297070000,0,0,0,0,0,0,0,0,0,0
2024,County,Bibb,13021,154,27055463,0,0,0,0,0,0,0,0
2025,County,Bibb,13021,143,25123164,0,0,0,0,0,0,0,0
2024,City/Other,Blakely,13099075000,0,0,0,0,0,0,0,0,0,0
2025,City/Other,Blakely,13099075000,0,0,0,0,0,0,0,0,0,0
2024,County,Bleckley,13023,64,12414307,45,10043739,0,0,0,0,45,10043739
2025,County,Bleckley,13023,86,16384820,0,0,0,0,0,0,0,0
2024,City/Other,Bleckley County Unincorporated Area,13023076000,64,12414307,45,10043739,0,0,0,0,45,10043739
2025,City/Other,Bleckley County Unincorporated Area,13023076000,86,16384820,0,0,0,0,0,0,0,0
2024,City/Other,Bloomingdale,13051077000,0,0,0,0,0,0,0,0,0,0
2025,City/Other,Bloomingdale,13051077000,491,215438389,0,0,0,0,0,0,0,0
2024,City/Other,Blythe,13245081000,2,330000,0,0,0,0,0,0,0,0
2025,City/Other,Blythe,13245081000,0,0,0,0,0,0,0,0,0,0
2024,City/Other,Bogart,13219083000,0,0,0,0,0,0,0,0,0,0
2025,City/Other,Bogart,13219083000,0,0,0,0,0,0,0,0,0,0
2024,City/Other,Bowdon,13045086000,25,4575007,0,0,0,0,0,0,0,0
2025,City/Other,Bowdon,13045086000,19,5193000,0,0,0,0,0,0,0,0
2024,City/Other,Bowersville,13147087000,2,605281,0,0,0,0,0,0,0,0
2025,City/Other,Bowersville,13147087000,2,605281,0,0,0,0,0,0,0,0
2024,City/Other,Bowman,13105088000,11,3850000,0,0,0,0,0,0,0,0
2025,City/Other,Bowman,13105088000,11,3850000,0,0,0,0,0,0,0,0
2024,County,Brantley,13025,51,11452513,12,1498920,12,1498920,0,0,0,0
2025,County,Brantley,13025,45,9562257,32,700000,32,700000,0,0,0,0
2024,City/Other,Brantley County Unincorporated Area,13025089000,46,9939310,0,0,0,0,0,0,0,0
2025,City/Other,Brantley County Unincorporated Area,13025089000,42,9076257,0,0,0,0,0,0,0,0
2024,City/Other,Braselton,13157092000,415,119197274,0,0,0,0,0,0,0,0
2025,City/Other,Braselton,13157092000,443,129786852,0,0,0,0,0,0,0,0
2024,City/Other,Braswell,13223093000,0,0,0,0,0,0,0,0,0,0
2025,City/Other,Braswell,13223093000,0,0,0,0,0,0,0,0,0,0
2024,City/Other,Bremen,13045095000,19,4965577,25,5015731,0,0,12,2359678,13,2656053
2025,City/Other,Bremen,13045095000,16,5086092,0,0,0,0,0,0,0,0
2024,City/Other,Bronwood,13273098000,0,0,0,0,0,0,0,0,0,0
2025,City/Other,Bronwood,13273098000,0,0,0,0,0,0,0,0,0,0
2024,City/Other,Brookhaven,13089098700,117,82330950,0,0,0,0,0,0,0,0
2025,City/Other,Brookhaven,13089098700,143,101196367,0,0,0,0,0,0,0,0
2024,City/Other,Brooklet,13031099000,190,54641779,0,0,0,0,0,0,0,0
2025,City/Other,Brooklet,13031099000,79,22955470,60,9694565,60,9694565,0,0,0,0
2024,County,Brooks,13027,39,7044281,0,0,0,0,0,0,0,0
2025,County,Brooks,13027,58,17179890,0,0,0,0,0,0,0,0
2024,City/Other,Brooks County,13027100000,39,7044281,0,0,0,0,0,0,0,0
2025,City/Other,Brooks County,13027100000,58,17179890,0,0,0,0,0,0,0,0
2024,County,Bryan,13029,442,169974007,68,12048994,0,0,0,0,68,12048994
2025,County,Bryan,13029,348,124749371,385,69898179,22,2457914,28,4577682,335,62862583
2024,City/Other,Bryan County Unincorporated Area,13029104000,309,116867942,0,0,0,0,0,0,0,0
2025,City/Other,Bryan County Unincorporated Area,13029104000,163,61651780,0,0,0,0,0,0,0,0
2024,City/Other,Buchanan,13143105000,30,8627649,0,0,0,0,0,0,0,0
2025,City/Other,Buchanan,13143105000,10,2960167,0,0,0,0,0,0,0,0
2024,City/Other,Buena Vista,13197107000,0,0,0,0,0,0,0,0,0,0
2025,City/Other,Buena Vista,13197107000,0,0,0,0,0,0,0,0,0,0
2024,City/Other,Buford,13135108000,52,28842826,0,0,0,0,0,0,0,0
2025,City/Other,Buford,13135108000,61,45021272,0,0,0,0,0,0,0,0
2024,County,Bulloch,13031,742,172111003,108,11460000,102,10795000,0,0,6,665000
2025,County,Bulloch,13031,929,189972082,460,47381189,162,19694565,0,0,298,27686624
2024,City/Other,Bulloch County Unincorporated Area,13031110000,390,92367924,102,10795000,102,10795000,0,0,0,0
2025,City/Other,Bulloch County Unincorporated Area,13031110000,382,98000000,102,10000000,102,10000000,0,0,0,0
2024,County,Burke,13033,64,17141597,0,0,0,0,0,0,0,0
2025,County,Burke,13033,52,13840859,48,11249462,0,0,0,0,48,11249462
2024,City/Other,Burke County Unincorporated Area,13033111000,59,16208930,0,0,0,0,0,0,0,0
2025,City/Other,Burke County Unincorporated Area,13033111000,49,13360859,0,0,0,0,0,0,0,0
2024,City/Other,Butler,13269112000,0,0,0,0,0,0,0,0,0,0
2025,City/Other,Butler,13269112000,0,0,0,0,0,0,0,0,0,0
2024,County,Butts,13035,60,19946472,0,0,0,0,0,0,0,0
2025,County,Butts,13035,85,25110847,0,0,0,0,0,0,0,0
2024,City/Other,Butts County,13035113000,60,19946472,0,0,0,0,0,0,0,0
2025,City/Other,Butts County,13035113000,85,25110847,0,0,0,0,0,0,0,0
2024,City/Other,Byron,13225115000,96,16412771,0,0,0,0,0,0,0,0
2025,City/Other,Byron,13225115000,90,15460652,0,0,0,0,0,0,0,0
2024,City/Other,Cairo,13131117000,18,3629900,0,0,0,0,0,0,0,0
2025,City/Other,Cairo,13131117000,3,793000,0,0,0,0,0,0,0,0
2024,County,Calhoun,13037,5,1087500,0,0,0,0,0,0,0,0
2024,City/Other,Calhoun,13129118000,214,34229239,72,6163920,0,0,72,6163920,0,0
2025,County,Calhoun,13037,5,1087500,0,0,0,0,0,0,0,0
2025,City/Other,Calhoun,13129118000,171,36339800,0,0,0,0,0,0,0,0
2024,City/Other,Calhoun County Unincorporated Area,13037119000,5,1087500,0,0,0,0,0,0,0,0
2025,City/Other,Calhoun County Unincorporated Area,13037119000,5,1087500,0,0,0,0,0,0,0,0
2024,City/Other,Camak,13301120000,0,0,0,0,0,0,0,0,0,0
2025,City/Other,Camak,13301120000,0,0,0,0,0,0,0,0,0,0
2024,County,Camden,13039,315,95483688,48,12691878,40,11523808,8,1168070,0,0
2025,County,Camden,13039,418,116467368,28,5402609,16,3002609,0,0,12,2400000
2024,City/Other,Camden County Unincorporated Area,13039121000,0,0,0,0,0,0,0,0,0,0
2025,City/Other,Camden County Unincorporated Area,13039121000,61,19990303,0,0,0,0,0,0,0,0
2024,City/Other,Camilla,13205122000,0,0,0,0,0,0,0,0,0,0
2025,City/Other,Camilla,13205122000,0,0,0,0,0,0,0,0,0,0
2024,County,Candler,13043,9,1952000,0,0,0,0,0,0,0,0
2025,County,Candler,13043,7,1123820,0,0,0,0,0,0,0,0
2024,City/Other,Candler County Unincorporated Area,13043123000,0,0,0,0,0,0,0,0,0,0
2025,City/Other,Candler County Unincorporated Area,13043123000,0,0,0,0,0,0,0,0,0,0
2024,City/Other,Canton,13057126000,286,96396479,858,149330525,6,3495352,0,0,852,145835173
2025,City/Other,Canton,13057126000,276,80192943,7,1950548,4,1050548,3,900000,0,0
2024,City/Other,Carlton,13195128000,1,380000,0,0,0,0,0,0,0,0
2025,City/Other,Carlton,13195128000,0,0,0,0,0,0,0,0,0,0
2024,City/Other,Carnesville,13119129000,55,9273226,0,0,0,0,0,0,0,0
2025,City/Other,Carnesville,13119129000,1,275771,0,0,0,0,0,0,0,0
2024,County,Carroll,13045,730,208379047,170,25036583,2,310476,12,2359678,156,22366429
2025,County,Carroll,13045,776,245435353,289,44886491,0,0,0,0,289,44886491
2024,City/Other,Carroll County Unincorporated Area,13045130000,255,72908608,2,310476,2,310476,0,0,0,0
2025,City/Other,Carroll County Unincorporated Area,13045130000,227,66656373,0,0,0,0,0,0,0,0
2024,City/Other,Carrollton,13045131000,115,28692194,0,0,0,0,0,0,0,0
2025,City/Other,Carrollton,13045131000,116,34095245,0,0,0,0,0,0,0,0
2024,City/Other,Cartersville,13015132000,176,75282876,0,0,0,0,0,0,0,0
2025,City/Other,Cartersville,13015132000,149,62056148,0,0,0,0,0,0,0,0
2024,County,Catoosa,13047,485,76145433,363,36619881,40,4840000,67,6512241,256,25267640
2025,County,Catoosa,13047,339,54123396,207,20698198,12,1488888,60,5785672,135,13423638
2024,City/Other,Catoosa County,13047133000,430,63618013,319,31869881,18,2090000,67,6512241,234,23267640
2025,City/Other,Catoosa County,13047133000,339,54123396,207,20698198,12,1488888,60,5785672,135,13423638
2024,City/Other,Cecil,13075135000,0,0,0,0,0,0,0,0,0,0
2025,City/Other,Cecil,13075135000,0,0,0,0,0,0,0,0,0,0
2024,City/Other,Cedartown,13233136000,7,1400000,17,2000000,0,0,0,0,17,2000000
2025,City/Other,Cedartown,13233136000,12,2750000,96,17500000,0,0,0,0,96,17500000
2024,City/Other,Centerville,13153137000,219,39872749,5,723800,2,248800,3,475000,0,0
2025,City/Other,Centerville,13153137000,89,13078543,0,0,0,0,0,0,0,0
2024,City/Other,Centralhatchee,13149138000,6,1725530,0,0,0,0,0,0,0,0
2025,City/Other,Centralhatchee,13149138000,1,296017,0,0,0,0,0,0,0,0
2024,City/Other,Chamblee,13089139000,20,11267341,0,0,0,0,0,0,0,0
2025,City/Other,Chamblee,13089139000,34,22308894,367,70728422,0,0,0,0,367,70728422
2024,County,Charlton,13049,45,14132291,6,1198241,2,425109,4,773132,0,0
2025,County,Charlton,13049,41,12176583,0,0,0,0,0,0,0,0
2024,City/Other,Charlton County Unincorporated Area,13049140000,41,12921729,6,1198241,2,425109,4,773132,0,0
2025,City/Other,Charlton County Unincorporated Area,13049140000,37,10991763,0,0,0,0,0,0,0,0
2024,County,Chatham,13051,1704,371124182,987,99081003,14,1327062,0,0,973,97753941
2025,County,Chatham,13051,2666,691927150,1760,210179419,16,1689284,16,4840896,1728,203649239
2024,City/Other,Chatham County Unincorporated Area,13051141000,65,32367794,0,0,0,0,0,0,0,0
2025,City/Other,Chatham County Unincorporated Area,13051141000,129,44930733,455,58479575,0,0,0,0,455,58479575
2024,City/Other,Chatsworth,13213143000,18,5176590,17,2469686,0,0,12,1752106,5,717580
2025,City/Other,Chatsworth,13213143000,19,5464178,9,1301615,0,0,4,584035,5,717580
2024,County,Chattahoochee,13053,1,408945,0,0,0,0,0,0,0,0
2025,County,Chattahoochee,13053,3,875000,0,0,0,0,0,0,0,0
2024,City/Other,Chattahoochee Hills,13121144900,64,35871048,0,0,0,0,0,0,0,0
2025,City/Other,Chattahoochee Hills,13121144900,40,29968400,0,0,0,0,0,0,0,0
2024,County,Chattooga,13055,2,506434,0,0,0,0,0,0,0,0
2025,County,Chattooga,13055,2,506434,0,0,0,0,0,0,0,0
2024,County,Cherokee,13057,1796,848143632,869,152760951,6,3495352,11,3430426,852,145835173
2025,County,Cherokee,13057,1491,710582010,33,7972787,6,1595148,3,900000,24,5477639
2024,City/Other,Cherokee County Unincorporated Area,13057147000,1054,481342017,0,0,0,0,0,0,0,0
2025,City/Other,Cherokee County Unincorporated Area,13057147000,789,426590868,0,0,0,0,0,0,0,0
2024,City/Other,Chester,13091148000,2,605281,0,0,0,0,0,0,0,0
2025,City/Other,Chester,13091148000,0,0,0,0,0,0,0,0,0,0
2024,City/Other,Chickamauga,13295149000,0,0,0,0,0,0,0,0,0,0
2025,City/Other,Chickamauga,13295149000,6,1776100,2,323152,2,323152,0,0,0,0
2024,County,Clarke,13059,212,48390257,960,118149964,0,0,84,7769598,876,110380366
2025,County,Clarke,13059,226,48314638,522,73261472,0,0,0,0,522,73261472
2024,City/Other,Clarkesville,13137151000,10,3505000,0,0,0,0,0,0,0,0
2025,City/Other,Clarkesville,13137151000,11,5124285,0,0,0,0,0,0,0,0
2024,City/Other,Clarkston,13089152000,13,4977495,0,0,0,0,0,0,0,0
2025,City/Other,Clarkston,13089152000,6,1854539,0,0,0,0,0,0,0,0
2024,City/Other,Claxton,13109153000,8,1370200,0,0,0,0,0,0,0,0
2025,City/Other,Claxton,13109153000,8,1370200,0,0,0,0,0,0,0,0
2024,County,Clay,13061,6,1217257,0,0,0,0,0,0,0,0
2025,County,Clay,13061,5,870000,0,0,0,0,0,0,0,0
2024,City/Other,Clay County Unincorporated Area,13061154000,6,1217257,0,0,0,0,0,0,0,0
2025,City/Other,Clay County Unincorporated Area,13061154000,5,870000,0,0,0,0,0,0,0,0
2024,County,Clayton,13063,400,88055260,530,107306187,0,0,12,2640540,518,104665647
2024,City/Other,Clayton,13241155000,12,2909936,0,0,0,0,0,0,0,0
2025,County,Clayton,13063,399,104454282,394,77468319,0,0,0,0,394,77468319
2025,City/Other,Clayton,13241155000,5,1481025,0,0,0,0,0,0,0,0
2024,City/Other,Clayton County Unincorporated Area,13063156000,181,56015615,429,84452197,0,0,8,2180540,421,82271657
2025,City/Other,Clayton County Unincorporated Area,13063156000,322,91114905,140,31477000,0,0,0,0,140,31477000
2024,City/Other,Clermont,13139157000,3,750000,0,0,0,0,0,0,0,0
2025,City/Other,Clermont,13139157000,1,300000,0,0,0,0,0,0,0,0
2024,City/Other,Cleveland,13311158000,25,2383668,0,0,0,0,0,0,0,0
2025,City/Other,Cleveland,13311158000,24,4921400,0,0,0,0,0,0,0,0
2024,County,Clinch,13065,0,0,0,0,0,0,0,0,0,0
2025,County,Clinch,13065,0,0,0,0,0,0,0,0,0,0
2024,City/Other,Clinch County Unincorporated Area,13065160000,0,0,0,0,0,0,0,0,0,0
2025,City/Other,Clinch County Unincorporated Area,13065160000,0,0,0,0,0,0,0,0,0,0
2024,County,Cobb,13067,1143,384199356,461,83008706,4,928551,68,13195948,389,68884207
2025,County,Cobb,13067,988,387612248,799,212644698,0,0,6,1177156,793,211467542
2024,City/Other,Cobb County Unincorporated Area,13067161000,558,247530772,145,28572892,2,383151,49,8805900,94,19383841
2025,City/Other,Cobb County Unincorporated Area,13067161000,387,240274555,548,171394870,0,0,0,0,548,171394870
2024,City/Other,Cobbtown,13267162000,0,0,0,0,0,0,0,0,0,0
2025,City/Other,Cobbtown,13267162000,0,0,0,0,0,0,0,0,0,0
2024,County,Coffee,13069,92,16660245,18,1363400,0,0,12,1063400,6,300000
2025,County,Coffee,13069,73,15101270,15,1200000,0,0,15,1200000,0,0
2024,City/Other,Coffee County Unincorporated Area,13069164000,69,10920245,4,413400,0,0,4,413400,0,0
2025,City/Other,Coffee County Unincorporated Area,13069164000,56,10925230,0,0,0,0,0,0,0,0
2024,City/Other,Cohutta,13313165000,8,2284064,0,0,0,0,0,0,0,0
2025,City/Other,Cohutta,13313165000,13,3848217,0,0,0,0,0,0,0,0
2024,City/Other,College Park,13121169000,64,14917785,0,0,0,0,0,0,0,0
2025,City/Other,College Park,13121169000,38,10964121,252,42312000,0,0,0,0,252,42312000
2024,City/Other,Collins,13267170000,0,0,0,0,0,0,0,0,0,0
2025,City/Other,Collins,13267170000,0,0,0,0,0,0,0,0,0,0
2024,County,Colquitt,13071,63,14302644,34,3483399,34,3483399,0,0,0,0
2025,County,Colquitt,13071,81,23961903,30,3483750,30,3483750,0,0,0,0
2024,City/Other,Colquitt County Unincorporated Area,13071172000,45,10334484,0,0,0,0,0,0,0,0
2025,City/Other,Colquitt County Unincorporated Area,13071172000,48,14262890,0,0,0,0,0,0,0,0
2024,County,Columbia,13073,1184,243270880,29,4208848,4,680000,25,3528848,0,0
2025,County,Columbia,13073,1141,240399494,72,10327146,6,840000,35,5354636,31,4132510
2024,City/Other,Columbia County Unincorporated Area,13073173000,1024,201736341,0,0,0,0,0,0,0,0
2025,City/Other,Columbia County Unincorporated Area,13073173000,943,185774946,0,0,0,0,0,0,0,0
2024,City/Other,Columbus,13215174000,261,83333042,30,3090180,0,0,0,0,30,3090180
2025,City/Other,Columbus,13215174000,230,71934582,30,3090180,0,0,0,0,30,3090180
2024,City/Other,Commerce,13157176000,193,56504911,0,0,0,0,0,0,0,0
2025,City/Other,Commerce,13157176000,164,48983120,0,0,0,0,0,0,0,0
2024,City/Other,Conyers,13247178000,179,66504043,0,0,0,0,0,0,0,0
2025,City/Other,Conyers,13247178000,163,53166180,0,0,0,0,0,0,0,0
2024,County,Cook,13075,47,9571937,0,0,0,0,0,0,0,0
2025,County,Cook,13075,53,13050587,225,14015088,26,1628000,44,4285000,155,8102088
2024,City/Other,Cook County Unincorporated Area,13075179000,22,4554569,0,0,0,0,0,0,0,0
2025,City/Other,Cook County Unincorporated Area,13075179000,31,8254000,225,14015088,26,1628000,44,4285000,155,8102088
2024,City/Other,Cordele,13081181000,3,800000,0,0,0,0,0,0,0,0
2025,City/Other,Cordele,13081181000,3,800000,0,0,0,0,0,0,0,0
2024,City/Other,Cornelia,13137184000,31,5614095,0,0,0,0,0,0,0,0
2025,City/Other,Cornelia,13137184000,77,18775562,0,0,0,0,0,0,0,0
2024,City/Other,Covington,13217185000,315,127470038,732,92702287,18,4605826,48,13345748,666,74750713
2025,City/Other,Covington,13217185000,255,93787467,0,0,0,0,0,0,0,0
2024,County,Coweta,13077,950,457856891,12,4262796,0,0,4,1483788,8,2779008
2025,County,Coweta,13077,751,352667002,0,0,0,0,0,0,0,0
2024,City/Other,Coweta County Unincorporated Area,13077186000,718,376436376,0,0,0,0,0,0,0,0
2025,City/Other,Coweta County Unincorporated Area,13077186000,510,258215142,0,0,0,0,0,0,0,0
2024,County,Crawford,13079,43,15807000,0,0,0,0,0,0,0,0
2025,County,Crawford,13079,29,8533914,0,0,0,0,0,0,0,0
2024,City/Other,Crawford County,13079188000,43,15807000,0,0,0,0,0,0,0,0
2025,City/Other,Crawford County,13079188000,29,8533914,0,0,0,0,0,0,0,0
2024,County,Crisp,13081,22,6333000,0,0,0,0,0,0,0,0
2025,County,Crisp,13081,27,7852907,0,0,0,0,0,0,0,0
2024,City/Other,Crisp County Unincorporated Area,13081190000,18,5493000,0,0,0,0,0,0,0,0
2025,City/Other,Crisp County Unincorporated Area,13081190000,23,7012907,0,0,0,0,0,0,0,0
2024,City/Other,Cumming,13117192000,283,81333399,782,117965415,0,0,23,4600000,759,113365415
2025,City/Other,Cumming,13117192000,148,43810470,34,5760826,2,323152,4,615150,28,4822524
2024,City/Other,Cusseta-Chattahoochee County,13053144000,1,408945,0,0,0,0,0,0,0,0
2025,City/Other,Cusseta-Chattahoochee County,13053144000,3,875000,0,0,0,0,0,0,0,0
2024,City/Other,Cuthbert,13243194000,0,0,0,0,0,0,0,0,0,0
2025,City/Other,Cuthbert,13243194000,2,86000,0,0,0,0,0,0,0,0
2024,City/Other,Dacula,13135195000,217,49316687,224,25597835,0,0,0,0,224,25597835
2025,City/Other,Dacula,13135195000,96,25973862,96,11786926,0,0,0,0,96,11786926
2024,County,Dade,13083,9,1690000,0,0,0,0,0,0,0,0
2025,County,Dade,13083,5,1371845,4,646304,4,646304,0,0,0,0
2024,City/Other,Dahlonega,13187197000,57,22957850,0,0,0,0,0,0,0,0
2025,City/Other,Dahlonega,13187197000,65,25562000,0,0,0,0,0,0,0,0
2024,City/Other,Dallas,13223199000,135,47424451,0,0,0,0,0,0,0,0
2025,City/Other,Dallas,13223199000,165,56915506,0,0,0,0,0,0,0,0
2024,City/Other,Damascus,13099201000,0,0,0,0,0,0,0,0,0,0
2025,City/Other,Damascus,13099201000,0,0,0,0,0,0,0,0,0,0
2024,City/Other,Danielsville,13195202000,12,3451060,12,1722192,0,0,0,0,12,1722192
2025,City/Other,Danielsville,13195202000,0,0,0,0,0,0,0,0,0,0
2024,City/Other,Danville,13289203000,0,0,0,0,0,0,0,0,0,0
2025,City/Other,Danville,13289203000,0,0,0,0,0,0,0,0,0,0
2024,City/Other,Darien,13191205000,36,7200000,0,0,0,0,0,0,0,0
2025,City/Other,Darien,13191205000,16,3070000,0,0,0,0,0,0,0,0
2024,City/Other,Dasher,13185205300,0,0,0,0,0,0,0,0,0,0
2024,County,Dawson,13085,878,269310522,9,2372660,0,0,9,2372660,0,0
2024,City/Other,Dawson,13273207000,2,253334,0,0,0,0,0,0,0,0
2025,County,Dawson,13085,1069,232091146,0,0,0,0,0,0,0,0
2025,City/Other,Dawson,13273207000,2,253334,0,0,0,0,0,0,0,0
2024,City/Other,Dawson County Unincorporated Area,13085208000,854,260536486,0,0,0,0,0,0,0,0
2025,City/Other,Dawson County Unincorporated Area,13085208000,629,165025133,0,0,0,0,0,0,0,0
2024,City/Other,Dawsonville,13085209000,24,8774036,9,2372660,0,0,9,2372660,0,0
2025,City/Other,Dawsonville,13085209000,440,67066013,0,0,0,0,0,0,0,0
2024,County,DeKalb,13089,853,318369872,385,12555148,0,0,0,0,385,12555148
2025,County,DeKalb,13089,805,326456160,516,94015667,2,302765,4,615150,510,93097752
2024,City/Other,DeKalb County Unincorporated Area,13089210000,557,159812200,15,1658348,0,0,0,0,15,1658348
2025,City/Other,DeKalb County Unincorporated Area,13089210000,400,119748063,83,11917915,2,302765,4,615150,77,11000000
2024,County,Decatur,13087,82,16234816,56,4951345,6,299559,0,0,50,4651786
2024,City/Other,Decatur,13089213000,18,9290353,370,10896800,0,0,0,0,370,10896800
2025,County,Decatur,13087,75,14838638,60,5499111,0,0,0,0,60,5499111
2025,City/Other,Decatur,13089213000,30,16878000,0,0,0,0,0,0,0,0
2024,City/Other,Decatur County Unincorporated Area,13087214000,27,5517897,0,0,0,0,0,0,0,0
2025,City/Other,Decatur County Unincorporated Area,13087214000,25,5109164,0,0,0,0,0,0,0,0
2024,City/Other,Demorest,13137216000,26,7477296,0,0,0,0,0,0,0,0
2025,City/Other,Demorest,13137216000,27,7764884,0,0,0,0,0,0,0,0
2024,City/Other,Dillard,13241219000,1,399825,0,0,0,0,0,0,0,0
2025,City/Other,Dillard,13241219000,0,0,0,0,0,0,0,0,0,0
2024,County,Dodge,13091,5,1464580,26,536619,0,0,0,0,26,536619
2025,County,Dodge,13091,5,1299998,0,0,0,0,0,0,0,0
2024,City/Other,Dodge County Unincorporated Area,13091220000,3,859299,0,0,0,0,0,0,0,0
2025,City/Other,Dodge County Unincorporated Area,13091220000,3,859299,0,0,0,0,0,0,0,0
2024,City/Other,Doerun,13071221000,0,0,0,0,0,0,0,0,0,0
2025,City/Other,Doerun,13071221000,0,0,0,0,0,0,0,0,0,0
2024,City/Other,Donalsonville,13253222000,0,0,10,700000,0,0,0,0,10,700000
2025,City/Other,Donalsonville,13253222000,22,2991200,0,0,0,0,0,0,0,0
2024,County,Dooly,13093,46,19100000,0,0,0,0,0,0,0,0
2025,County,Dooly,13093,22,4594599,0,0,0,0,0,0,0,0
2024,City/Other,Dooly County Unincorporated Area,13093224000,46,19100000,0,0,0,0,0,0,0,0
2025,City/Other,Dooly County Unincorporated Area,13093224000,22,4594599,0,0,0,0,0,0,0,0
2024,City/Other,Doraville,13089225000,5,1512896,0,0,0,0,0,0,0,0
2025,City/Other,Doraville,13089225000,82,24273368,0,0,0,0,0,0,0,0
2024,County,Dougherty,13095,25,8138170,20,2216072,0,0,0,0,20,2216072
2025,County,Dougherty,13095,32,9478560,0,0,0,0,0,0,0,0
2024,County,Douglas,13097,532,103125052,106,15094370,0,0,0,0,106,15094370
2024,City/Other,Douglas,13069227000,23,5740000,14,950000,0,0,8,650000,6,300000
2025,County,Douglas,13097,471,117286153,330,57647760,0,0,0,0,330,57647760
2025,City/Other,Douglas,13069227000,17,4176040,15,1200000,0,0,15,1200000,0,0
2024,City/Other,Douglas County Unincorporated Area,13097228000,288,33129135,0,0,0,0,0,0,0,0
2025,City/Other,Douglas County Unincorporated Area,13097228000,228,40409769,211,36341163,0,0,0,0,211,36341163
2024,City/Other,Douglasville,13097229000,244,69995917,106,15094370,0,0,0,0,106,15094370
2025,City/Other,Douglasville,13097229000,243,76876384,119,21306597,0,0,0,0,119,21306597
2024,City/Other,Dublin,13175231000,24,4486455,24,2979207,0,0,0,0,24,2979207
2025,City/Other,Dublin,13175231000,31,6174933,64,8075150,0,0,0,0,64,8075150
2024,City/Other,Duluth,13135233000,191,85128728,0,0,0,0,0,0,0,0
2025,City/Other,Duluth,13135233000,101,44801121,0,0,0,0,0,0,0,0
2024,City/Other,Dunwoody,13089233500,12,7485454,0,0,0,0,0,0,0,0
2025,City/Other,Dunwoody,13089233500,14,9285498,0,0,0,0,0,0,0,0
2024,County,Early,13099,11,2117445,0,0,0,0,0,0,0,0
2025,County,Early,13099,12,3554460,0,0,0,0,0,0,0,0
2024,City/Other,Early County Unincorporated Area,13099234000,11,2117445,0,0,0,0,0,0,0,0
2025,City/Other,Early County Unincorporated Area,13099234000,12,3554460,0,0,0,0,0,0,0,0
2024,City/Other,East Dublin,13175235000,5,1087500,0,0,0,0,0,0,0,0
2025,City/Other,East Dublin,13175235000,7,1522500,0,0,0,0,0,0,0,0
2024,City/Other,East Ellijay,13123236000,10,2090760,74,6836638,0,0,0,0,74,6836638
2025,City/Other,East Ellijay,13123236000,9,1881684,66,6097542,0,0,0,0,66,6097542
2024,City/Other,East Point,13121237000,101,9841411,77,5970854,0,0,0,0,77,5970854
2025,City/Other,East Point,13121237000,92,8963683,67,5195419,0,0,0,0,67,5195419
2024,City/Other,Eastman,13091238000,0,0,26,536619,0,0,0,0,26,536619
2025,City/Other,Eastman,13091238000,2,440699,0,0,0,0,0,0,0,0
2024,County,Echols,13101,3,813178,0,0,0,0,0,0,0,0
2025,County,Echols,13101,4,1184820,0,0,0,0,0,0,0,0
2024,City/Other,Echols County Unincorporated Area,13101240000,3,813178,0,0,0,0,0,0,0,0
2025,City/Other,Echols County Unincorporated Area,13101240000,4,1184820,0,0,0,0,0,0,0,0
2024,City/Other,Edison,13037242000,0,0,0,0,0,0,0,0,0,0
2025,City/Other,Edison,13037242000,0,0,0,0,0,0,0,0,0,0
2024,County,Effingham,13103,790,182824096,46,6507133,0,0,0,0,46,6507133
2025,County,Effingham,13103,212,63083763,0,0,0,0,0,0,0,0
2024,City/Other,Effingham County Unincorporated Area,13103243000,559,134022582,46,6507133,0,0,0,0,46,6507133
2025,City/Other,Effingham County Unincorporated Area,13103243000,134,39666236,0,0,0,0,0,0,0,0
2024,County,Elbert,13105,208,18591529,10,327500,10,327500,0,0,0,0
2025,County,Elbert,13105,127,26913724,2,450000,2,450000,0,0,0,0
2024,City/Other,Elbert County Unincorporated Area,13105244000,77,13456154,0,0,0,0,0,0,0,0
2025,City/Other,Elbert County Unincorporated Area,13105244000,109,21938724,0,0,0,0,0,0,0,0
2024,City/Other,Elberton,13105245000,120,1285375,10,327500,10,327500,0,0,0,0
2025,City/Other,Elberton,13105245000,7,1125000,2,450000,2,450000,0,0,0,0
2024,City/Other,Ellaville,13249246000,0,0,0,0,0,0,0,0,0,0
2025,City/Other,Ellaville,13249246000,0,0,0,0,0,0,0,0,0,0
2024,City/Other,Ellijay,13123248000,14,4236970,0,0,0,0,0,0,0,0
2025,City/Other,Ellijay,13123248000,21,6233177,50,6163050,0,0,0,0,50,6163050
2024,County,Emanuel,13107,82,5115500,0,0,0,0,0,0,0,0
2025,County,Emanuel,13107,49,9788249,0,0,0,0,0,0,0,0
2024,City/Other,Emanuel County Unincorporated Area,13107249000,82,5115500,0,0,0,0,0,0,0,0
2025,City/Other,Emanuel County Unincorporated Area,13107249000,49,9788249,0,0,0,0,0,0,0,0
2024,City/Other,Emerson,13015250000,30,9935080,0,0,0,0,0,0,0,0
2025,City/Other,Emerson,13015250000,39,13947151,0,0,0,0,0,0,0,0
2024,City/Other,Euharlee,13015254000,33,9473771,0,0,0,0,0,0,0,0
2025,City/Other,Euharlee,13015254000,57,16594815,0,0,0,0,0,0,0,0
2024,County,Evans,13109,17,3126811,9,655254,0,0,9,655254,0,0
2025,County,Evans,13109,16,2931632,9,655254,0,0,9,655254,0,0
2024,City/Other,Evans County Unincorporated Area,13109255000,9,1756611,9,655254,0,0,9,655254,0,0
2025,City/Other,Evans County Unincorporated Area,13109255000,8,1561432,9,655254,0,0,9,655254,0,0
2024,City/Other,Fairburn,13121256000,38,16596327,0,0,0,0,0,0,0,0
2025,City/Other,Fairburn,13121256000,86,40770474,0,0,0,0,0,0,0,0
2024,City/Other,Fairmount,13129257000,3,637500,0,0,0,0,0,0,0,0
2025,City/Other,Fairmount,13129257000,0,0,0,0,0,0,0,0,0,0
2024,County,Fannin,13111,376,113792864,14,1732250,4,499640,0,0,10,1232610
2025,County,Fannin,13111,356,105970263,0,0,0,0,0,0,0,0
2024,City/Other,Fannin County,13111258000,376,113792864,14,1732250,4,499640,0,0,10,1232610
2025,City/Other,Fannin County,13111258000,356,105970263,0,0,0,0,0,0,0,0
2024,City/Other,Fargo,13065258500,0,0,0,0,0,0,0,0,0,0
2025,City/Other,Fargo,13065258500,0,0,0,0,0,0,0,0,0,0
2024,County,Fayette,13113,323,132507334,0,0,0,0,0,0,0,0
2025,County,Fayette,13113,435,167972265,0,0,0,0,0,0,0,0
2024,City/Other,Fayette County Unincorporated Area,13113259000,90,41694122,0,0,0,0,0,0,0,0
2025,City/Other,Fayette County Unincorporated Area,13113259000,195,85397475,0,0,0,0,0,0,0,0
2024,City/Other,Fayetteville,13113260000,54,16862234,0,0,0,0,0,0,0,0
2025,City/Other,Fayetteville,13113260000,141,40971272,0,0,0,0,0,0,0,0
2024,City/Other,Fitzgerald,13017261000,1,415000,0,0,0,0,0,0,0,0
2025,City/Other,Fitzgerald,13017261000,6,1111830,4,300000,4,300000,0,0,0,0
2024,City/Other,Flowery Branch,13139265000,360,103531792,24,3504211,0,0,24,3504211,0,0
2025,City/Other,Flowery Branch,13139265000,179,52624567,0,0,0,0,0,0,0,0
2024,County,Floyd,13115,355,71555850,0,0,0,0,0,0,0,0
2025,County,Floyd,13115,330,70280868,0,0,0,0,0,0,0,0
2024,City/Other,Floyd County,13115266000,355,71555850,0,0,0,0,0,0,0,0
2025,City/Other,Floyd County,13115266000,330,70280868,0,0,0,0,0,0,0,0
2024,City/Other,Forest Park,13063268000,8,1900000,0,0,0,0,0,0,0,0
2025,City/Other,Forest Park,13063268000,8,1900000,0,0,0,0,0,0,0,0
2024,County,Forsyth,13117,1692,316990510,833,123148078,0,0,23,4600000,810,118548078
2025,County,Forsyth,13117,1409,280458171,334,24123126,2,323152,4,615150,328,23184824
2024,City/Other,Forsyth County Unincorporated Area,13117270000,1409,235657111,51,5182663,0,0,0,0,51,5182663
2025,City/Other,Forsyth County Unincorporated Area,13117270000,1261,236647701,300,18362300,0,0,0,0,300,18362300
2024,City/Other,Fort Gaines,13061271000,0,0,0,0,0,0,0,0,0,0
2025,City/Other,Fort Gaines,13061271000,0,0,0,0,0,0,0,0,0,0
2024,City/Other,Fort Oglethorpe,13047272000,55,12527420,44,4750000,22,2750000,0,0,22,2000000
2025,City/Other,Fort Oglethorpe,13047272000,0,0,0,0,0,0,0,0,0,0
2024,County,Franklin,13119,215,54591617,0,0,0,0,0,0,0,0
2024,City/Other,Franklin,13149275000,14,4026236,0,0,0,0,0,0,0,0
2025,County,Franklin,13119,142,41950604,0,0,0,0,0,0,0,0
2025,City/Other,Franklin,13149275000,6,1776100,0,0,0,0,0,0,0,0
2024,City/Other,Franklin County Unincorporated Area,13119276000,145,43218391,0,0,0,0,0,0,0,0
2025,City/Other,Franklin County Unincorporated Area,13119276000,139,41423483,0,0,0,0,0,0,0,0
2024,City/Other,Franklin Springs,13119277000,15,2100000,0,0,0,0,0,0,0,0
2025,City/Other,Franklin Springs,13119277000,2,251350,0,0,0,0,0,0,0,0
2024,County,Fulton,13121,2937,930358091,8640,1327210485,104,20991679,377,63648980,8159,1242569826
2025,County,Fulton,13121,2344,811585596,7316,1061762260,156,29192203,242,38212126,6918,994357931
2024,City/Other,Gainesville,13139280000,322,65659304,457,65352508,6,510000,0,0,451,64842508
2025,City/Other,Gainesville,13139280000,395,94696477,18,1800000,0,0,0,0,18,1800000
2024,City/Other,Garden City,13051281000,11,1828160,0,0,0,0,0,0,0,0
2025,City/Other,Garden City,13051281000,1,182000,0,0,0,0,0,0,0,0
2024,City/Other,Gay,13199283000,0,0,0,0,0,0,0,0,0,0
2025,City/Other,Gay,13199283000,0,0,0,0,0,0,0,0,0,0
2024,City/Other,Geneva,13263284000,0,0,0,0,0,0,0,0,0,0
2025,City/Other,Geneva,13263284000,0,0,0,0,0,0,0,0,0,0
2024,County,Gilmer,13123,24,6327730,74,6836638,0,0,0,0,74,6836638
2025,County,Gilmer,13123,96,19121615,116,12260592,0,0,0,0,116,12260592
2024,City/Other,Gilmer County Unincorporated Area,13123289000,0,0,0,0,0,0,0,0,0,0
2025,City/Other,Gilmer County Unincorporated Area,13123289000,66,11006754,0,0,0,0,0,0,0,0
2024,City/Other,Glennville,13267292000,10,3026406,0,0,0,0,0,0,0,0
2025,City/Other,Glennville,13267292000,14,4146870,0,0,0,0,0,0,0,0
2024,County,Glynn,13127,478,205229575,256,33976995,72,7971523,48,9697629,136,16307843
2025,County,Glynn,13127,448,203976645,0,0,0,0,0,0,0,0
2024,City/Other,Glynn County,13127294000,478,205229575,256,33976995,72,7971523,48,9697629,136,16307843
2025,City/Other,Glynn County,13127294000,448,203976645,0,0,0,0,0,0,0,0
2024,City/Other,Good Hope,13297295000,9,2612056,0,0,0,0,0,0,0,0
2025,City/Other,Good Hope,13297295000,1,407379,0,0,0,0,0,0,0,0
2024,County,Gordon,13129,357,77430401,72,6163920,0,0,72,6163920,0,0
2024,City/Other,Gordon,13319296000,0,0,0,0,0,0,0,0,0,0
2025,County,Gordon,13129,289,67377101,0,0,0,0,0,0,0,0
2025,City/Other,Gordon,13319296000,0,0,0,0,0,0,0,0,0,0
2024,City/Other,Gordon County Unincorporated Area,13129297000,140,42563662,0,0,0,0,0,0,0,0
2025,City/Other,Gordon County Unincorporated Area,13129297000,118,31037301,0,0,0,0,0,0,0,0
2024,County,Grady,13131,58,15037240,0,0,0,0,0,0,0,0
2025,County,Grady,13131,55,24665826,0,0,0,0,0,0,0,0
2024,City/Other,Grady County Unincorporated Area,13131298000,40,11407340,0,0,0,0,0,0,0,0
2025,City/Other,Grady County Unincorporated Area,13131298000,52,23872826,0,0,0,0,0,0,0,0
2024,City/Other,Grantville,13077299000,6,2026105,0,0,0,0,0,0,0,0
2025,City/Other,Grantville,13077299000,17,5130340,0,0,0,0,0,0,0,0
2024,City/Other,Grayson,13135301000,107,2904560,0,0,0,0,0,0,0,0
2025,City/Other,Grayson,13135301000,33,9768551,0,0,0,0,0,0,0,0
2024,County,Greene,13133,295,266849094,0,0,0,0,0,0,0,0
2025,County,Greene,13133,311,313593740,0,0,0,0,0,0,0,0
2024,City/Other,Greene County Unincorporated Area,13133302000,295,266849094,0,0,0,0,0,0,0,0
2025,City/Other,Greene County Unincorporated Area,13133302000,311,313593740,0,0,0,0,0,0,0,0
2024,City/Other,Greensboro,13133303000,0,0,0,0,0,0,0,0,0,0
2025,City/Other,Greensboro,13133303000,0,0,0,0,0,0,0,0,0,0
2024,City/Other,Greenville,13199304000,0,0,0,0,0,0,0,0,0,0
2024,City/Other,Griffin,13255305000,22,6862214,0,0,0,0,0,0,0,0
2025,City/Other,Griffin,13255305000,22,4171838,0,0,0,0,0,0,0,0
2024,City/Other,Grovetown,13073306000,82,19431498,29,4208848,4,680000,25,3528848,0,0
2025,City/Other,Grovetown,13073306000,125,32860000,72,10327146,6,840000,35,5354636,31,4132510
2024,City/Other,Guyton,13103308000,88,25004247,0,0,0,0,0,0,0,0
2025,City/Other,Guyton,13103308000,22,6666300,0,0,0,0,0,0,0,0
2024,County,Gwinnett,13135,4300,924880683,1303,202955188,10,1825166,16,4407534,1277,196722488
2025,County,Gwinnett,13135,2950,936769609,996,201943795,20,5395392,8,2600000,968,193948403
2024,City/Other,Gwinnett County Unincorporated Area,13135309000,3301,650903098,658,97621393,4,325166,0,0,654,97296227
2025,City/Other,Gwinnett County Unincorporated Area,13135309000,2259,663551960,144,41476284,0,0,0,0,144,41476284
2024,County,Habersham,13137,232,82355684,9,2832357,0,0,4,1356712,5,1475645
2025,County,Habersham,13137,378,114248825,12,687276,0,0,0,0,12,687276
2024,City/Other,Habersham County Unincorporated Area,13137310000,153,62139993,9,2832357,0,0,4,1356712,5,1475645
2025,City/Other,Habersham County Unincorporated Area,13137310000,236,75952766,12,687276,0,0,0,0,12,687276
2024,City/Other,Hagan,13109311000,0,0,0,0,0,0,0,0,0,0
2025,City/Other,Hagan,13109311000,0,0,0,0,0,0,0,0,0,0
2024,City/Other,Hahira,13185312000,0,0,0,0,0,0,0,0,0,0
2024,County,Hall,13139,1647,456049344,692,102468819,6,510000,66,10584098,620,91374721
2025,County,Hall,13139,1892,628115277,104,14652359,0,0,18,3034236,86,11618123
2024,City/Other,Hall County Unincorporated Area,13139313000,911,267538288,5,1364400,0,0,0,0,5,1364400
2025,City/Other,Hall County Unincorporated Area,13139313000,1176,446506267,5,150000,0,0,0,0,5,150000
2024,City/Other,Hampton,13151315000,35,8633905,0,0,0,0,0,0,0,0
2025,City/Other,Hampton,13151315000,2,592033,0,0,0,0,0,0,0,0
2024,County,Hancock,13141,28,8392900,0,0,0,0,0,0,0,0
2025,County,Hancock,13141,24,7166840,0,0,0,0,0,0,0,0
2024,City/Other,Hancock County Unincorporated Area,13141316000,28,8392900,0,0,0,0,0,0,0,0
2025,City/Other,Hancock County Unincorporated Area,13141316000,24,7166840,0,0,0,0,0,0,0,0
2024,City/Other,Hapeville,13121317000,67,20902354,305,52011573,0,0,0,0,305,52011573
2025,City/Other,Hapeville,13121317000,65,11034456,0,0,0,0,0,0,0,0
2024,County,Haralson,13143,242,65872185,0,0,0,0,0,0,0,0
2024,City/Other,Haralson,13077319000,0,0,0,0,0,0,0,0,0,0
2025,County,Haralson,13143,159,44985904,0,0,0,0,0,0,0,0
2025,City/Other,Haralson,13077319000,0,0,0,0,0,0,0,0,0,0
2024,City/Other,Haralson County Unincorporated Area,13143318000,212,57244536,0,0,0,0,0,0,0,0
2025,City/Other,Haralson County Unincorporated Area,13143318000,144,40780737,0,0,0,0,0,0,0,0
2024,City/Other,Harlem,13073321000,78,22103041,0,0,0,0,0,0,0,0
2025,City/Other,Harlem,13073321000,73,21764548,0,0,0,0,0,0,0,0
2024,County,Harris,13145,189,59762632,0,0,0,0,0,0,0,0
2025,County,Harris,13145,177,56149589,0,0,0,0,0,0,0,0
2024,City/Other,Harris County Unincorporated Area,13145322000,189,59762632,0,0,0,0,0,0,0,0
2025,City/Other,Harris County Unincorporated Area,13145322000,177,56149589,0,0,0,0,0,0,0,0
2024,City/Other,Harrison,13303323000,0,0,0,0,0,0,0,0,0,0
2025,City/Other,Harrison,13303323000,0,0,0,0,0,0,0,0,0,0
2024,County,Hart,13147,150,37555167,22,4210000,6,1050000,8,1360000,8,1800000
2025,County,Hart,13147,177,44487188,20,4736504,16,3999504,4,737000,0,0
2024,City/Other,Hart County Unincorporated Area,13147324000,128,31699886,0,0,0,0,0,0,0,0
2025,City/Other,Hart County Unincorporated Area,13147324000,152,36706499,0,0,0,0,0,0,0,0
2024,City/Other,Hartwell,13147325000,20,5250000,22,4210000,6,1050000,8,1360000,8,1800000
2025,City/Other,Hartwell,13147325000,23,7175408,20,4736504,16,3999504,4,737000,0,0
2024,City/Other,Hazlehurst,13161327000,6,950000,0,0,0,0,0,0,0,0
2025,City/Other,Hazlehurst,13161327000,9,1250000,0,0,0,0,0,0,0,0
2024,County,Heard,13149,70,20093732,0,0,0,0,0,0,0,0
2025,County,Heard,13149,54,15834878,0,0,0,0,0,0,0,0
2024,City/Other,Heard County Unincorporated Area,13149328000,50,14341966,0,0,0,0,0,0,0,0
2025,City/Other,Heard County Unincorporated Area,13149328000,47,13762761,0,0,0,0,0,0,0,0
2024,City/Other,Helen,13311329000,8,2550000,0,0,0,0,0,0,0,0
2025,City/Other,Helen,13311329000,9,2900000,2,500000,2,500000,0,0,0,0
2024,County,Henry,13151,1887,493213208,0,0,0,0,0,0,0,0
2025,County,Henry,13151,1666,425786976,0,0,0,0,0,0,0,0
2024,City/Other,Henry County Unincorporated Area,13151332000,1268,252307935,0,0,0,0,0,0,0,0
2025,City/Other,Henry County Unincorporated Area,13151332000,1185,213087227,0,0,0,0,0,0,0,0
2024,City/Other,Hephzibah,13245333000,8,2277254,0,0,0,0,0,0,0,0
2025,City/Other,Hephzibah,13245333000,5,2369352,0,0,0,0,0,0,0,0
2024,City/Other,Hiawassee,13281334000,1,616000,2,500000,2,500000,0,0,0,0
2025,City/Other,Hiawassee,13281334000,4,2347345,0,0,0,0,0,0,0,0
2024,City/Other,Higgston,13209335000,0,0,0,0,0,0,0,0,0,0
2025,City/Other,Higgston,13209335000,0,0,0,0,0,0,0,0,0,0
2024,City/Other,Hinesville,13179337000,144,42717483,4,468500,4,468500,0,0,0,0
2025,City/Other,Hinesville,13179337000,170,58026782,0,0,0,0,0,0,0,0
2024,City/Other,Hoboken,13025339000,0,0,0,0,0,0,0,0,0,0
2025,City/Other,Hoboken,13025339000,0,0,0,0,0,0,0,0,0,0
2024,City/Other,Hogansville,13285340000,22,6909145,0,0,0,0,0,0,0,0
2025,City/Other,Hogansville,13285340000,17,5688162,0,0,0,0,0,0,0,0
2024,City/Other,Holly Springs,13057341000,83,37387083,11,3430426,0,0,11,3430426,0,0
2025,City/Other,Holly Springs,13057341000,136,38017948,26,6022239,2,544600,0,0,24,5477639
2024,City/Other,Homeland,13049342000,4,1210562,0,0,0,0,0,0,0,0
2025,City/Other,Homeland,13049342000,4,1184820,0,0,0,0,0,0,0,0
2024,City/Other,Homer,13011343000,58,29371262,0,0,0,0,0,0,0,0
2025,City/Other,Homer,13011343000,63,11559440,0,0,0,0,0,0,0,0
2024,City/Other,Homerville,13065344000,0,0,0,0,0,0,0,0,0,0
2025,City/Other,Homerville,13065344000,0,0,0,0,0,0,0,0,0,0
2024,City/Other,Hoschton,13157345000,674,282056542,44,6064731,0,0,0,0,44,6064731
2025,City/Other,Hoschton,13157345000,327,189626212,0,0,0,0,0,0,0,0
2024,County,Houston,13153,1147,242297298,379,21104894,46,5840672,3,475000,330,14789222
2025,County,Houston,13153,1132,209979293,86,7078576,2,393296,0,0,84,6685280
2024,City/Other,Houston County Unincorporated Area,13153346000,154,37878291,0,0,0,0,0,0,0,0
2025,City/Other,Houston County Unincorporated Area,13153346000,248,59655960,0,0,0,0,0,0,0,0
2024,City/Other,Hull,13195347000,0,0,0,0,0,0,0,0,0,0
2025,City/Other,Hull,13195347000,2,592033,0,0,0,0,0,0,0,0
2024,County,Irwin,13155,32,2787756,0,0,0,0,0,0,0,0
2025,County,Irwin,13155,10,2962050,0,0,0,0,0,0,0,0
2024,City/Other,Irwin County Unincorporated Area,13155351000,32,2787756,0,0,0,0,0,0,0,0
2025,City/Other,Irwin County Unincorporated Area,13155351000,10,2962050,0,0,0,0,0,0,0,0
2024,City/Other,Ivey,13319353000,0,0,0,0,0,0,0,0,0,0
2025,City/Other,Ivey,13319353000,0,0,0,0,0,0,0,0,0,0
2024,County,Jackson,13157,2070,632482750,44,6064731,0,0,0,0,44,6064731
2025,County,Jackson,13157,1816,624840605,11,1914000,0,0,0,0,11,1914000
2024,City/Other,Jackson County Unincorporated Area,13157355000,553,134667309,0,0,0,0,0,0,0,0
2025,City/Other,Jackson County Unincorporated Area,13157355000,627,178110109,0,0,0,0,0,0,0,0
2024,County,Jasper,13159,183,53225000,0,0,0,0,0,0,0,0
2024,City/Other,Jasper,13227358000,51,11661157,0,0,0,0,0,0,0,0
2025,County,Jasper,13159,124,42750000,0,0,0,0,0,0,0,0
2025,City/Other,Jasper,13227358000,79,29971000,0,0,0,0,0,0,0,0
2024,City/Other,Jasper County Unincorporated Area,13159359000,183,53225000,0,0,0,0,0,0,0,0
2025,City/Other,Jasper County Unincorporated Area,13159359000,124,42750000,0,0,0,0,0,0,0,0
2024,County,Jeff Davis,13161,6,950000,0,0,0,0,0,0,0,0
2025,County,Jeff Davis,13161,9,1250000,0,0,0,0,0,0,0,0
2024,County,Jefferson,13163,23,5802125,0,0,0,0,0,0,0,0
2024,City/Other,Jefferson,13157361000,215,35570700,0,0,0,0,0,0,0,0
2025,County,Jefferson,13163,24,18070512,0,0,0,0,0,0,0,0
2025,City/Other,Jefferson,13157361000,81,26217968,11,1914000,0,0,0,0,11,1914000
2024,City/Other,Jefferson County Unincorporated Area,13163362000,23,5802125,0,0,0,0,0,0,0,0
2025,City/Other,Jefferson County Unincorporated Area,13163362000,24,18070512,0,0,0,0,0,0,0,0
2024,City/Other,Jeffersonville,13289363000,0,0,0,0,0,0,0,0,0,0
2025,City/Other,Jeffersonville,13289363000,0,0,0,0,0,0,0,0,0,0
2024,County,Jenkins,13165,34,3050000,0,0,0,0,0,0,0,0
2025,County,Jenkins,13165,25,3088615,10,1416708,0,0,0,0,10,1416708
2024,City/Other,Jenkins County Unincorporated Area,13165365000,25,2500000,0,0,0,0,0,0,0,0
2025,City/Other,Jenkins County Unincorporated Area,13165365000,22,2200000,0,0,0,0,0,0,0,0
2024,City/Other,Jersey,13297367000,0,0,0,0,0,0,0,0,0,0
2025,City/Other,Jersey,13297367000,0,0,0,0,0,0,0,0,0,0
2024,City/Other,Jesup,13305368000,28,6347465,14,1294000,6,594000,8,700000,0,0
2025,City/Other,Jesup,13305368000,28,5723750,4,396000,4,396000,0,0,0,0
2024,City/Other,Johns Creek,13121369300,129,63764351,0,0,0,0,0,0,0,0
2025,City/Other,Johns Creek,13121369300,43,27998771,440,60642749,0,0,0,0,440,60642749
2024,County,Johnson,13167,0,0,0,0,0,0,0,0,0,0
2025,County,Johnson,13167,0,0,0,0,0,0,0,0,0,0
2024,County,Jones,13169,90,21244000,16,2108400,0,0,10,1348000,6,760400
2025,County,Jones,13169,68,13933000,0,0,0,0,0,0,0,0
2024,City/Other,Jones County,13169370000,90,21244000,16,2108400,0,0,10,1348000,6,760400
2025,City/Other,Jones County,13169370000,68,13933000,0,0,0,0,0,0,0,0
2024,City/Other,Jonesboro,13063371000,3,650000,0,0,0,0,0,0,0,0
2025,City/Other,Jonesboro,13063371000,1,225000,0,0,0,0,0,0,0,0
2024,City/Other,Kennesaw,13067373000,80,19610020,0,0,0,0,0,0,0,0
2025,City/Other,Kennesaw,13067373000,48,10774362,0,0,0,0,0,0,0,0
2024,City/Other,Kingsland,13039376000,166,52350000,24,9040000,24,9040000,0,0,0,0
2025,City/Other,Kingsland,13039376000,224,52900000,20,4110000,8,1710000,0,0,12,2400000
2024,City/Other,Kingston,13015377000,39,10595250,0,0,0,0,0,0,0,0
2025,City/Other,Kingston,13015377000,22,6905348,0,0,0,0,0,0,0,0
2024,City/Other,Kite,13167378000,0,0,0,0,0,0,0,0,0,0
2025,City/Other,Kite,13167378000,0,0,0,0,0,0,0,0,0,0
2024,City/Other,LaFayette,13295379000,36,4955919,27,1280000,0,0,3,300000,24,980000
2025,City/Other,LaFayette,13295379000,27,4574439,16,1248000,16,1248000,0,0,0,0
2024,City/Other,LaGrange,13285380000,218,76657823,2,300000,2,300000,0,0,0,0
2025,City/Other,LaGrange,13285380000,281,87901900,300,59384389,10,1784389,0,0,290,57600000
2024,City/Other,Lake City,13063381000,2,600000,0,0,0,0,0,0,0,0
2025,City/Other,Lake City,13063381000,4,1150000,0,0,0,0,0,0,0,0
2024,City/Other,Lake Park,13185382000,0,0,0,0,0,0,0,0,0,0
2024,City/Other,Lakeland,13173383000,0,0,0,0,0,0,0,0,0,0
2025,City/Other,Lakeland,13173383000,6,1200000,0,0,0,0,0,0,0,0
2024,County,Lamar,13171,135,33328394,0,0,0,0,0,0,0,0
2025,County,Lamar,13171,136,38344025,0,0,0,0,0,0,0,0
2024,City/Other,Lamar County Unincorporated Area,13171384000,96,29345075,0,0,0,0,0,0,0,0
2025,City/Other,Lamar County Unincorporated Area,13171384000,128,36551615,0,0,0,0,0,0,0,0
2024,County,Lanier,13173,31,5405034,0,0,0,0,0,0,0,0
2025,County,Lanier,13173,39,7737021,0,0,0,0,0,0,0,0
2024,City/Other,Lanier County Unincorporated Area,13173385000,31,5405034,0,0,0,0,0,0,0,0
2025,City/Other,Lanier County Unincorporated Area,13173385000,33,6537021,0,0,0,0,0,0,0,0
2024,County,Laurens,13175,29,5573955,24,2979207,0,0,0,0,24,2979207
2025,County,Laurens,13175,38,7697433,64,8075150,0,0,0,0,64,8075150
2024,City/Other,Lavonia,13119387000,0,0,0,0,0,0,0,0,0,0
2025,City/Other,Lavonia,13119387000,0,0,0,0,0,0,0,0,0,0
2024,City/Other,Lawrenceville,13135388000,51,21060116,315,59834067,0,0,0,0,315,59834067
2025,City/Other,Lawrenceville,13135388000,41,14325032,656,128284417,0,0,0,0,656,128284417
2024,County,Lee,13177,130,15532010,3,166725,0,0,3,166725,0,0
2025,County,Lee,13177,92,11177494,2,250960,2,250960,0,0,0,0
2024,City/Other,Lee County,13177390000,130,15532010,3,166725,0,0,3,166725,0,0
2025,City/Other,Lee County,13177390000,92,11177494,2,250960,2,250960,0,0,0,0
2024,City/Other,Lenox,13075392000,0,0,0,0,0,0,0,0,0,0
2025,City/Other,Lenox,13075392000,0,0,0,0,0,0,0,0,0,0
2024,County,Liberty,13179,462,104827353,9,1093500,6,718500,3,375000,0,0
2025,County,Liberty,13179,348,98721329,7,1105000,4,730000,3,375000,0,0
2024,City/Other,Liberty County Unincorporated Area,13179395000,318,62109870,5,625000,2,250000,3,375000,0,0
2025,City/Other,Liberty County Unincorporated Area,13179395000,178,40694547,7,1105000,4,730000,3,375000,0,0
2024,City/Other,Lilburn,13135396000,60,22794629,0,0,0,0,0,0,0,0
2025,City/Other,Lilburn,13135396000,60,30663611,0,0,0,0,0,0,0,0
2024,County,Lincoln,13181,75,27141420,3,450000,0,0,3,450000,0,0
2025,County,Lincoln,13181,55,20416683,0,0,0,0,0,0,0,0
2024,City/Other,Lincoln County Unincorporated Area,13181398000,71,25666420,0,0,0,0,0,0,0,0
2025,City/Other,Lincoln County Unincorporated Area,13181398000,50,19042580,0,0,0,0,0,0,0,0
2024,City/Other,Lincolnton,13181399000,4,1475000,3,450000,0,0,3,450000,0,0
2025,City/Other,Lincolnton,13181399000,5,1374103,0,0,0,0,0,0,0,0
2024,City/Other,Lithonia,13089401000,4,1150353,0,0,0,0,0,0,0,0
2025,City/Other,Lithonia,13089401000,1,160000,0,0,0,0,0,0,0,0
2024,City/Other,Locust Grove,13151402000,215,127011780,0,0,0,0,0,0,0,0
2025,City/Other,Locust Grove,13151402000,222,136935959,0,0,0,0,0,0,0,0
2024,City/Other,Loganville,13297404000,53,8937300,20,3186100,0,0,3,425000,17,2761100
2025,City/Other,Loganville,13297404000,32,5355250,20,2821025,0,0,4,534058,16,2286967
2024,County,Long,13183,298,70843766,0,0,0,0,0,0,0,0
2025,County,Long,13183,275,65383805,0,0,0,0,0,0,0,0
2024,City/Other,Long County,13183406000,298,70843766,0,0,0,0,0,0,0,0
2025,City/Other,Long County,13183406000,275,65383805,0,0,0,0,0,0,0,0
2024,City/Other,Lookout Mountain,13295407000,3,1225936,0,0,0,0,0,0,0,0
2025,City/Other,Lookout Mountain,13295407000,2,1568000,0,0,0,0,0,0,0,0
2024,City/Other,Lovejoy,13063409000,206,28889645,31,6017990,0,0,4,460000,27,5557990
2025,City/Other,Lovejoy,13063409000,64,10064377,184,29155319,0,0,0,0,184,29155319
2024,County,Lowndes,13185,893,194936749,6,397584,6,397584,0,0,0,0
2025,County,Lowndes,13185,800,177391440,4,265056,4,265056,0,0,0,0
2024,City/Other,Lowndes County Unincorporated Area,13185410000,345,63261280,6,397584,6,397584,0,0,0,0
2025,City/Other,Lowndes County Unincorporated Area,13185410000,293,54500044,4,265056,4,265056,0,0,0,0
2024,City/Other,Lula,13139413000,1,200000,0,0,0,0,0,0,0,0
2025,City/Other,Lula,13139413000,2,300000,0,0,0,0,0,0,0,0
2024,County,Lumpkin,13187,277,97666088,0,0,0,0,0,0,0,0
2024,City/Other,Lumpkin,13259415000,0,0,0,0,0,0,0,0,0,0
2025,County,Lumpkin,13187,270,101674000,0,0,0,0,0,0,0,0
2025,City/Other,Lumpkin,13259415000,1,80000,0,0,0,0,0,0,0,0
2024,City/Other,Lumpkin County Unincorporated Area,13187416000,220,74708238,0,0,0,0,0,0,0,0
2025,City/Other,Lumpkin County Unincorporated Area,13187416000,205,76112000,0,0,0,0,0,0,0,0
2024,City/Other,Lyons,13279419000,0,0,0,0,0,0,0,0,0,0
2025,City/Other,Lyons,13279419000,0,0,0,0,0,0,0,0,0,0
2024,County,Macon,13193,13,2892917,0,0,0,0,0,0,0,0
2025,County,Macon,13193,14,3111963,0,0,0,0,0,0,0,0
2024,City/Other,Macon County Unincorporated Area,13193422000,13,2892917,0,0,0,0,0,0,0,0
2025,City/Other,Macon County Unincorporated Area,13193422000,14,3111963,0,0,0,0,0,0,0,0
2024,City/Other,Macon-Bibb County,13021423000,154,27055463,0,0,0,0,0,0,0,0
2025,City/Other,Macon-Bibb County,13021423000,143,25123164,0,0,0,0,0,0,0,0
2024,County,Madison,13195,177,50995542,12,1722192,0,0,0,0,12,1722192
2024,City/Other,Madison,13211424000,50,10038081,0,0,0,0,0,0,0,0
2025,County,Madison,13195,130,38220890,0,0,0,0,0,0,0,0
2025,City/Other,Madison,13211424000,5,1235000,0,0,0,0,0,0,0,0
2024,City/Other,Madison County Unincorporated Area,13195425000,164,47164482,0,0,0,0,0,0,0,0
2025,City/Other,Madison County Unincorporated Area,13195425000,128,37628857,0,0,0,0,0,0,0,0
2024,City/Other,Manchester,13199427000,6,580000,2,160000,2,160000,0,0,0,0
2025,City/Other,Manchester,13199427000,0,0,0,0,0,0,0,0,0,0
2024,City/Other,Marietta,13067430000,98,26030820,0,0,0,0,0,0,0,0
2025,City/Other,Marietta,13067430000,112,36712585,0,0,0,0,0,0,0,0
2024,County,Marion,13197,14,2777250,0,0,0,0,0,0,0,0
2025,County,Marion,13197,13,2578875,0,0,0,0,0,0,0,0
2024,City/Other,Marion County Unincorporated Area,13197431000,14,2777250,0,0,0,0,0,0,0,0
2025,City/Other,Marion County Unincorporated Area,13197431000,13,2578875,0,0,0,0,0,0,0,0
2024,City/Other,Marshallville,13193432000,0,0,0,0,0,0,0,0,0,0
2025,City/Other,Marshallville,13193432000,0,0,0,0,0,0,0,0,0,0
2024,City/Other,McDonough,13151439000,184,52916247,0,0,0,0,0,0,0,0
2025,City/Other,McDonough,13151439000,52,15392868,0,0,0,0,0,0,0,0
2024,County,McDuffie,13189,64,14877000,0,0,0,0,0,0,0,0
2025,County,McDuffie,13189,86,20984238,0,0,0,0,0,0,0,0
2024,City/Other,McDuffie County Unincorporated Area,13189440000,64,14877000,0,0,0,0,0,0,0,0
2025,City/Other,McDuffie County Unincorporated Area,13189440000,86,20984238,0,0,0,0,0,0,0,0
2024,County,McIntosh,13191,125,28287039,0,0,0,0,0,0,0,0
2025,County,McIntosh,13191,106,28892271,0,0,0,0,0,0,0,0
2024,City/Other,McIntosh County Unincorporated Area,13191441000,89,21087039,0,0,0,0,0,0,0,0
2025,City/Other,McIntosh County Unincorporated Area,13191441000,90,25822271,0,0,0,0,0,0,0,0
2024,City/Other,McRae-Helena,13271443000,0,0,0,0,0,0,0,0,0,0
2025,City/Other,McRae-Helena,13271443000,0,0,0,0,0,0,0,0,0,0
2024,County,Meriwether,13199,136,37156826,2,160000,2,160000,0,0,0,0
2025,County,Meriwether,13199,117,31635596,0,0,0,0,0,0,0,0
2024,City/Other,Meriwether County Unincorporated Area,13199448000,130,36576826,0,0,0,0,0,0,0,0
2025,City/Other,Meriwether County Unincorporated Area,13199448000,117,31635596,0,0,0,0,0,0,0,0
2024,City/Other,Metter,13043449000,9,1952000,0,0,0,0,0,0,0,0
2025,City/Other,Metter,13043449000,7,1123820,0,0,0,0,0,0,0,0
2024,City/Other,Milledgeville,13009454000,3,322253,2,70000,2,70000,0,0,0,0
2025,City/Other,Milledgeville,13009454000,9,2665845,0,0,0,0,0,0,0,0
2024,City/Other,Millen,13165455000,9,550000,0,0,0,0,0,0,0,0
2025,City/Other,Millen,13165455000,3,888615,10,1416708,0,0,0,0,10,1416708
2024,County,Miller,13201,3,1008000,0,0,0,0,0,0,0,0
2025,County,Miller,13201,28,1906745,0,0,0,0,0,0,0,0
2024,City/Other,Miller County,13201456000,3,1008000,0,0,0,0,0,0,0,0
2025,City/Other,Miller County,13201456000,28,1906745,0,0,0,0,0,0,0,0
2024,City/Other,Milner,13171457000,6,750000,0,0,0,0,0,0,0,0
2025,City/Other,Milner,13171457000,6,1200000,0,0,0,0,0,0,0,0
2024,City/Other,Milton,13121457300,117,33597899,0,0,0,0,0,0,0,0
2025,City/Other,Milton,13121457300,143,42035394,0,0,0,0,0,0,0,0
2024,County,Mitchell,13205,20,4343601,0,0,0,0,0,0,0,0
2025,County,Mitchell,13205,18,5599608,0,0,0,0,0,0,0,0
2024,City/Other,Mitchell County Unincorporated Area,13205459000,20,4343601,0,0,0,0,0,0,0,0
2025,City/Other,Mitchell County Unincorporated Area,13205459000,18,5599608,0,0,0,0,0,0,0,0
2024,County,Monroe,13207,281,86521998,0,0,0,0,0,0,0,0
2024,City/Other,Monroe,13297462000,24,8036843,0,0,0,0,0,0,0,0
2025,County,Monroe,13207,258,79171276,0,0,0,0,0,0,0,0
2025,City/Other,Monroe,13297462000,78,29424963,0,0,0,0,0,0,0,0
2024,City/Other,Monroe County,13207463000,281,86521998,0,0,0,0,0,0,0,0
2025,City/Other,Monroe County,13207463000,258,79171276,0,0,0,0,0,0,0,0
2024,City/Other,Montezuma,13193464000,0,0,0,0,0,0,0,0,0,0
2025,City/Other,Montezuma,13193464000,0,0,0,0,0,0,0,0,0,0
2024,County,Montgomery,13209,21,2919630,0,0,0,0,0,0,0,0
2025,County,Montgomery,13209,18,5235485,0,0,0,0,0,0,0,0
2024,City/Other,Montgomery County Unincorporated Area,13209465000,21,2919630,0,0,0,0,0,0,0,0
2025,City/Other,Montgomery County Unincorporated Area,13209465000,17,5035485,0,0,0,0,0,0,0,0
2024,City/Other,Moreland,13077468000,2,833544,0,0,0,0,0,0,0,0
2025,City/Other,Moreland,13077468000,2,833544,0,0,0,0,0,0,0,0
2024,County,Morgan,13211,164,69013059,0,0,0,0,0,0,0,0
2025,County,Morgan,13211,147,63189420,0,0,0,0,0,0,0,0
2024,City/Other,Morgan County Unincorporated Area,13211470000,114,58974978,0,0,0,0,0,0,0,0
2025,City/Other,Morgan County Unincorporated Area,13211470000,142,61954420,0,0,0,0,0,0,0,0
2024,City/Other,Morrow,13063472000,0,0,0,0,0,0,0,0,0,0
2025,City/Other,Morrow,13063472000,0,0,0,0,0,0,0,0,0,0
2024,City/Other,Moultrie,13071474000,18,3968160,34,3483399,34,3483399,0,0,0,0
2025,City/Other,Moultrie,13071474000,33,9699013,30,3483750,30,3483750,0,0,0,0
2024,City/Other,Mount Airy,13137475000,5,1450000,0,0,0,0,0,0,0,0
2025,City/Other,Mount Airy,13137475000,6,1800000,0,0,0,0,0,0,0,0
2024,City/Other,Mount Zion,13045477000,0,0,0,0,0,0,0,0,0,0
2024,City/Other,Mountain City,13241478000,6,1100000,4,250000,0,0,4,250000,0,0
2025,City/Other,Mountain City,13241478000,3,95000,6,485000,2,100000,4,385000,0,0
2024,City/Other,Mountain Park,13121480000,2,1290000,0,0,0,0,0,0,0,0
2025,City/Other,Mountain Park,13121480000,3,900000,0,0,0,0,0,0,0,0
2025,City/Other,Mulberry,13135480400,0,0,0,0,0,0,0,0,0,0
2024,County,Murray,13213,107,27832234,34,4932722,0,0,24,3555250,10,1377472
2025,County,Murray,13213,120,32495737,21,3104759,0,0,16,2387179,5,717580
2024,City/Other,Murray County Unincorporated Area,13213480500,89,22655644,17,2463036,0,0,12,1803144,5,659892
2025,City/Other,Murray County Unincorporated Area,13213480500,101,27031559,12,1803144,0,0,12,1803144,0,0
2024,County,Muscogee,13215,261,83333042,30,3090180,0,0,0,0,30,3090180
2025,County,Muscogee,13215,230,71934582,30,3090180,0,0,0,0,30,3090180
2024,City/Other,Nahunta,13025482000,5,1513203,12,1498920,12,1498920,0,0,0,0
2025,City/Other,Nahunta,13025482000,3,486000,32,700000,32,700000,0,0,0,0
2024,City/Other,Nashville,13019483000,3,1688040,44,5423484,0,0,0,0,44,5423484
2025,City/Other,Nashville,13019483000,3,1688040,35,4314135,0,0,0,0,35,4314135
2024,City/Other,Nelson,13227486000,2,800000,0,0,0,0,0,0,0,0
2025,City/Other,Nelson,13227486000,5,2700000,0,0,0,0,0,0,0,0
2024,City/Other,Newnan,13077489000,153,50229981,12,4262796,0,0,4,1483788,8,2779008
2025,City/Other,Newnan,13077489000,141,52498016,0,0,0,0,0,0,0,0
2024,County,Newton,13217,688,206651159,776,100490287,18,4605826,56,14761748,702,81122713
2024,City/Other,Newton,13007490000,0,0,0,0,0,0,0,0,0,0
2025,County,Newton,13217,600,179804499,5,885000,0,0,0,0,5,885000
2025,City/Other,Newton,13007490000,0,0,0,0,0,0,0,0,0,0
2024,City/Other,Newton County Unincorporated Area,13217491000,373,79181121,44,7788000,0,0,8,1416000,36,6372000
2025,City/Other,Newton County Unincorporated Area,13217491000,299,85085032,5,885000,0,0,0,0,5,885000
2024,City/Other,Nicholson,13157493000,2,930985,0,0,0,0,0,0,0,0
2025,City/Other,Nicholson,13157493000,1,20000,0,0,0,0,0,0,0,0
2024,City/Other,Norcross,13135494000,6,3043018,70,11487559,0,0,0,0,70,11487559
2025,City/Other,Norcross,13135494000,3,1376000,0,0,0,0,0,0,0,0
2024,City/Other,North High Shoals,13219496000,5,1437942,0,0,0,0,0,0,0,0
2025,City/Other,North High Shoals,13219496000,5,1437942,0,0,0,0,0,0,0,0
2024,City/Other,Oakwood,13139500000,50,18369960,206,32247700,0,0,42,7079887,164,25167813
2025,City/Other,Oakwood,13139500000,139,33687966,81,12702359,0,0,18,3034236,63,9668123
2024,County,Oconee,13219,334,173595670,0,0,0,0,0,0,0,0
2025,County,Oconee,13219,320,147929242,0,0,0,0,0,0,0,0
2024,City/Other,Oconee County Unincorporated Area,13219503000,210,117146467,0,0,0,0,0,0,0,0
2025,City/Other,Oconee County Unincorporated Area,13219503000,206,96091937,0,0,0,0,0,0,0,0
2024,County,Oglethorpe,13221,140,27465651,0,0,0,0,0,0,0,0
2025,County,Oglethorpe,13221,80,22782833,0,0,0,0,0,0,0,0
2024,City/Other,Oglethorpe County,13221507000,140,27465651,0,0,0,0,0,0,0,0
2025,City/Other,Oglethorpe County,13221507000,80,22782833,0,0,0,0,0,0,0,0
2024,City/Other,Oxford,13217513000,0,0,0,0,0,0,0,0,0,0
2025,City/Other,Oxford,13217513000,1,420000,0,0,0,0,0,0,0,0
2024,City/Other,Palmetto,13121515000,59,8655273,0,0,0,0,0,0,0,0
2025,City/Other,Palmetto,13121515000,43,7037637,0,0,0,0,0,0,0,0
2024,City/Other,Parrott,13273516000,0,0,0,0,0,0,0,0,0,0
2025,City/Other,Parrott,13273516000,0,0,0,0,0,0,0,0,0,0
2024,County,Paulding,13223,1458,180393943,0,0,0,0,0,0,0,0
2025,County,Paulding,13223,1290,180087713,36,2540538,0,0,36,2540538,0,0
2024,City/Other,Paulding County Unincorporated Area,13223518000,1323,132969492,0,0,0,0,0,0,0,0
2025,City/Other,Paulding County Unincorporated Area,13223518000,1125,123172207,36,2540538,0,0,36,2540538,0,0
2024,County,Peach,13225,149,26218113,0,0,0,0,0,0,0,0
2025,County,Peach,13225,139,24525966,0,0,0,0,0,0,0,0
2024,City/Other,Peach County Unincorporated Area,13225522000,53,9805342,0,0,0,0,0,0,0,0
2025,City/Other,Peach County Unincorporated Area,13225522000,49,9065314,0,0,0,0,0,0,0,0
2024,City/Other,Peachtree City,13113523000,163,66808598,0,0,0,0,0,0,0,0
2025,City/Other,Peachtree City,13113523000,85,35372352,0,0,0,0,0,0,0,0
2024,City/Other,Peachtree Corners,13135523500,10,5302037,0,0,0,0,0,0,0,0
2025,City/Other,Peachtree Corners,13135523500,51,16051484,0,0,0,0,0,0,0,0
2024,City/Other,Pelham,13205525000,0,0,0,0,0,0,0,0,0,0
2025,City/Other,Pelham,13205525000,0,0,0,0,0,0,0,0,0,0
2024,City/Other,Pembroke,13029526000,0,0,0,0,0,0,0,0,0,0
2025,City/Other,Pembroke,13029526000,13,3226446,0,0,0,0,0,0,0,0
2024,City/Other,Pendergrass,13157527000,13,2123329,0,0,0,0,0,0,0,0
2025,City/Other,Pendergrass,13157527000,55,16280918,0,0,0,0,0,0,0,0
2024,City/Other,Perry,13153528000,349,69415146,44,5591872,44,5591872,0,0,0,0
2025,City/Other,Perry,13153528000,453,77029274,86,7078576,2,393296,0,0,84,6685280
2024,County,Pickens,13227,255,100385969,4,800000,4,800000,0,0,0,0
2025,County,Pickens,13227,259,115815428,18,1600000,2,400000,16,1200000,0,0
2024,City/Other,Pickens County Unincorporated Area,13227530000,198,86782780,4,800000,4,800000,0,0,0,0
2025,City/Other,Pickens County Unincorporated Area,13227530000,169,78712428,18,1600000,2,400000,16,1200000,0,0
2024,County,Pierce,13229,80,16628000,8,600000,8,600000,0,0,0,0
2025,County,Pierce,13229,68,17229352,0,0,0,0,0,0,0,0
2024,City/Other,Pierce County Unincorporated Area,13229531000,80,16628000,8,600000,8,600000,0,0,0,0
2025,City/Other,Pierce County Unincorporated Area,13229531000,68,17229352,0,0,0,0,0,0,0,0
2024,County,Pike,13231,91,26114363,0,0,0,0,0,0,0,0
2025,County,Pike,13231,106,31183916,0,0,0,0,0,0,0,0
2024,City/Other,Pike County,13231532000,91,26114363,0,0,0,0,0,0,0,0
2025,City/Other,Pike County,13231532000,106,31183916,0,0,0,0,0,0,0,0
2024,City/Other,Pine Lake,13089533000,1,287588,0,0,0,0,0,0,0,0
2025,City/Other,Pine Lake,13089533000,1,250000,0,0,0,0,0,0,0,0
2024,County,Polk,13233,130,36660598,17,2000000,0,0,0,0,17,2000000
2025,County,Polk,13233,121,35349785,96,17500000,0,0,0,0,96,17500000
2024,City/Other,Polk County Unincorporated Area,13233540000,120,34510598,0,0,0,0,0,0,0,0
2025,City/Other,Polk County Unincorporated Area,13233540000,92,27233535,0,0,0,0,0,0,0,0
2024,City/Other,Pooler,13051541000,446,96287036,378,40174512,0,0,0,0,378,40174512
2025,City/Other,Pooler,13051541000,726,169110758,497,64723269,0,0,16,4840896,481,59882373
2024,City/Other,Port Wentworth,13051542000,602,88209768,595,57579429,0,0,0,0,595,57579429
2025,City/Other,Port Wentworth,13051542000,770,115627023,792,85287291,0,0,0,0,792,85287291
2024,City/Other,Porterdale,13217544000,0,0,0,0,0,0,0,0,0,0
2025,City/Other,Porterdale,13217544000,45,512000,0,0,0,0,0,0,0,0
2024,City/Other,Poulan,13321545000,0,0,0,0,0,0,0,0,0,0
2025,City/Other,Poulan,13321545000,0,0,0,0,0,0,0,0,0,0
2024,City/Other,Powder Springs,13067546000,184,32497685,304,51615194,2,545400,7,1569428,295,49500366
2025,City/Other,Powder Springs,13067546000,160,30742883,193,32212848,0,0,6,1177156,187,31035692
2024,County,Pulaski,13235,34,10176330,8,878611,4,499640,4,378971,0,0
2025,County,Pulaski,13235,68,20322136,0,0,0,0,0,0,0,0
2024,City/Other,Pulaski County,13235548000,34,10176330,8,878611,4,499640,4,378971,0,0
2025,City/Other,Pulaski County,13235548000,68,20322136,0,0,0,0,0,0,0,0
2024,County,Putnam,13237,77,30388173,50,9566437,0,0,0,0,50,9566437
2025,County,Putnam,13237,98,36151038,0,0,0,0,0,0,0,0
2024,City/Other,Putnam County,13237550000,77,30388173,50,9566437,0,0,0,0,50,9566437
2025,City/Other,Putnam County,13237550000,98,36151038,0,0,0,0,0,0,0,0
2024,County,Quitman,13239,19,2419500,0,0,0,0,0,0,0,0
2025,County,Quitman,13239,24,2551514,0,0,0,0,0,0,0,0
2024,City/Other,Quitman County,13239552000,19,2419500,0,0,0,0,0,0,0,0
2025,City/Other,Quitman County,13239552000,24,2551514,0,0,0,0,0,0,0,0
2024,County,Rabun,13241,142,82214152,4,250000,0,0,4,250000,0,0
2025,County,Rabun,13241,122,103581962,6,485000,2,100000,4,385000,0,0
2024,City/Other,Rabun County Unincorporated Area,13241553000,121,77199110,0,0,0,0,0,0,0,0
2025,City/Other,Rabun County Unincorporated Area,13241553000,111,99405937,0,0,0,0,0,0,0,0
2024,County,Randolph,13243,7,1108331,0,0,0,0,0,0,0,0
2025,County,Randolph,13243,9,1194331,0,0,0,0,0,0,0,0
2024,City/Other,Randolph County Unincorporated Area,13243554000,7,1108331,0,0,0,0,0,0,0,0
2025,City/Other,Randolph County Unincorporated Area,13243554000,7,1108331,0,0,0,0,0,0,0,0
2024,City/Other,Ray City,13019556000,43,20512820,0,0,0,0,0,0,0,0
2025,City/Other,Ray City,13019556000,34,15299838,0,0,0,0,0,0,0,0
2024,City/Other,Reidsville,13267560000,6,1815844,0,0,0,0,0,0,0,0
2025,City/Other,Reidsville,13267560000,4,600000,0,0,0,0,0,0,0,0
2024,City/Other,Remerton,13185561000,3,907922,0,0,0,0,0,0,0,0
2025,City/Other,Remerton,13185561000,0,0,0,0,0,0,0,0,0,0
2024,City/Other,Rest Haven,13135564000,0,0,0,0,0,0,0,0,0,0
2025,City/Other,Rest Haven,13135564000,0,0,0,0,0,0,0,0,0,0
2024,City/Other,Reynolds,13269566000,1,50000,0,0,0,0,0,0,0,0
2025,City/Other,Reynolds,13269566000,0,0,0,0,0,0,0,0,0,0
2024,City/Other,Richland,13259569000,0,0,0,0,0,0,0,0,0,0
2025,City/Other,Richland,13259569000,0,0,0,0,0,0,0,0,0,0
2024,County,Richmond,13245,558,108260002,0,0,0,0,0,0,0,0
2025,County,Richmond,13245,534,95888534,0,0,0,0,0,0,0,0
2024,City/Other,Richmond Hill,13029571000,133,53106065,68,12048994,0,0,0,0,68,12048994
2025,City/Other,Richmond Hill,13029571000,172,59871145,385,69898179,22,2457914,28,4577682,335,62862583
2024,City/Other,Rincon,13103573000,74,17648467,0,0,0,0,0,0,0,0
2025,City/Other,Rincon,13103573000,52,15600477,0,0,0,0,0,0,0,0
2024,City/Other,Riverdale,13063575000,0,0,70,16836000,0,0,0,0,70,16836000
2025,City/Other,Riverdale,13063575000,0,0,70,16836000,0,0,0,0,70,16836000
2024,County,Rockdale,13247,483,153843509,0,0,0,0,0,0,0,0
2025,County,Rockdale,13247,339,105163975,0,0,0,0,0,0,0,0
2024,City/Other,Rockdale County Unincorporated Area,13247579000,304,87339466,0,0,0,0,0,0,0,0
2025,City/Other,Rockdale County Unincorporated Area,13247579000,176,51997795,0,0,0,0,0,0,0,0
2024,City/Other,Rockmart,13233580000,3,750000,0,0,0,0,0,0,0,0
2025,City/Other,Rockmart,13233580000,17,5366250,0,0,0,0,0,0,0,0
2024,City/Other,Rossville,13295584000,2,466000,0,0,0,0,0,0,0,0
2025,City/Other,Rossville,13295584000,2,466000,0,0,0,0,0,0,0,0
2024,City/Other,Roswell,13121585000,165,77031787,2,728640,2,728640,0,0,0,0
2025,City/Other,Roswell,13121585000,47,39359625,0,0,0,0,0,0,0,0
2024,City/Other,Royston,13119586000,0,0,0,0,0,0,0,0,0,0
2025,City/Other,Royston,13119586000,0,0,0,0,0,0,0,0,0,0
2024,City/Other,Sandersville,13303592000,2,260000,0,0,0,0,0,0,0,0
2025,City/Other,Sandersville,13303592000,2,260000,0,0,0,0,0,0,0,0
2024,City/Other,Sandy Springs,13121592700,62,17630396,286,41045576,0,0,0,0,286,41045576
2025,City/Other,Sandy Springs,13121592700,71,20919993,1116,121389604,0,0,0,0,1116,121389604
2024,City/Other,Sasser,13273595000,0,0,0,0,0,0,0,0,0,0
2025,City/Other,Sasser,13273595000,0,0,0,0,0,0,0,0,0,0
2024,City/Other,Savannah,13051596000,565,145443836,14,1327062,14,1327062,0,0,0,0
2025,City/Other,Savannah,13051596000,534,138011536,16,1689284,16,1689284,0,0,0,0
2024,County,Schley,13249,18,3830364,0,0,0,0,0,0,0,0
2025,County,Schley,13249,18,3830364,0,0,0,0,0,0,0,0
2024,City/Other,Schley County Unincorporated Area,13249597000,18,3830364,0,0,0,0,0,0,0,0
2025,City/Other,Schley County Unincorporated Area,13249597000,18,3830364,0,0,0,0,0,0,0,0
2024,County,Screven,13251,23,3596886,0,0,0,0,0,0,0,0
2025,County,Screven,13251,19,2985396,0,0,0,0,0,0,0,0
2024,City/Other,Screven County,13251601000,23,3596886,0,0,0,0,0,0,0,0
2025,City/Other,Screven County,13251601000,19,2985396,0,0,0,0,0,0,0,0
2024,County,Seminole,13253,4,312000,10,700000,0,0,0,0,10,700000
2025,County,Seminole,13253,33,5456200,0,0,0,0,0,0,0,0
2024,City/Other,Seminole County Unincorporated Area,13253602000,4,312000,0,0,0,0,0,0,0,0
2025,City/Other,Seminole County Unincorporated Area,13253602000,11,2465000,0,0,0,0,0,0,0,0
2024,City/Other,Senoia,13077603000,71,28330885,0,0,0,0,0,0,0,0
2025,City/Other,Senoia,13077603000,79,35659960,0,0,0,0,0,0,0,0
2024,City/Other,Shady Dale,13159604000,0,0,0,0,0,0,0,0,0,0
2025,City/Other,Shady Dale,13159604000,0,0,0,0,0,0,0,0,0,0
2024,City/Other,Sharpsburg,13077606000,0,0,0,0,0,0,0,0,0,0
2025,City/Other,Sharpsburg,13077606000,0,0,0,0,0,0,0,0,0,0
2024,City/Other,Siloam,13133609000,0,0,0,0,0,0,0,0,0,0
2025,City/Other,Siloam,13133609000,0,0,0,0,0,0,0,0,0,0
2024,City/Other,Sky Valley,13241610000,2,605281,0,0,0,0,0,0,0,0
2025,City/Other,Sky Valley,13241610000,3,2600000,0,0,0,0,0,0,0,0
2024,City/Other,Smyrna,13067613000,99,28673137,0,0,0,0,0,0,0,0
2025,City/Other,Smyrna,13067613000,108,34624552,0,0,0,0,0,0,0,0
2024,City/Other,Snellville,13135614000,42,10684845,18,5400000,6,1500000,12,3900000,0,0
2025,City/Other,Snellville,13135614000,68,21871700,14,3900000,6,1300000,8,2600000,0,0
2024,City/Other,Social Circle,13297616000,18,4655481,0,0,0,0,0,0,0,0
2025,City/Other,Social Circle,13297616000,43,13889550,0,0,0,0,0,0,0,0
2024,City/Other,Soperton,13283617000,0,0,0,0,0,0,0,0,0,0
2025,City/Other,Soperton,13283617000,0,0,4,200000,0,0,4,200000,0,0
2024,City/Other,South Fulton,13121617800,783,224719778,0,0,0,0,0,0,0,0
2025,City/Other,South Fulton,13121617800,540,158466758,0,0,0,0,0,0,0,0
2024,County,Spalding,13255,342,80186904,0,0,0,0,0,0,0,0
2025,County,Spalding,13255,317,71709878,0,0,0,0,0,0,0,0
2024,City/Other,Spalding County Unincorporated Area,13255618000,320,73324690,0,0,0,0,0,0,0,0
2025,City/Other,Spalding County Unincorporated Area,13255618000,295,67538040,0,0,0,0,0,0,0,0
2024,City/Other,Sparks,13075619000,0,0,0,0,0,0,0,0,0,0
2025,City/Other,Sparks,13075619000,0,0,0,0,0,0,0,0,0,0
2024,City/Other,Sparta,13141620000,0,0,0,0,0,0,0,0,0,0
2025,City/Other,Sparta,13141620000,0,0,0,0,0,0,0,0,0,0
2024,City/Other,Springfield,13103621000,69,6148800,0,0,0,0,0,0,0,0
2025,City/Other,Springfield,13103621000,4,1150750,0,0,0,0,0,0,0,0
2024,City/Other,St. Marys,13039622000,141,42133688,24,3651878,16,2483808,8,1168070,0,0
2025,City/Other,St. Marys,13039622000,126,42800690,8,1292609,8,1292609,0,0,0,0
2024,City/Other,Stapleton,13163623000,0,0,0,0,0,0,0,0,0,0
2025,City/Other,Stapleton,13163623000,0,0,0,0,0,0,0,0,0,0
2024,City/Other,Statesboro,13031624000,162,25101300,6,665000,0,0,0,0,6,665000
2025,City/Other,Statesboro,13031624000,468,69016612,298,27686624,0,0,0,0,298,27686624
2024,City/Other,Statham,13013625000,52,10599525,0,0,0,0,0,0,0,0
2025,City/Other,Statham,13013625000,47,9376922,0,0,0,0,0,0,0,0
2024,County,Stephens,13257,54,11929825,0,0,0,0,0,0,0,0
2025,County,Stephens,13257,36,6213336,0,0,0,0,0,0,0,0
2024,City/Other,Stephens County Unincorporated Area,13257626000,7,1344875,0,0,0,0,0,0,0,0
2025,City/Other,Stephens County Unincorporated Area,13257626000,7,1344875,0,0,0,0,0,0,0,0
2024,County,Stewart,13259,0,0,0,0,0,0,0,0,0,0
2025,County,Stewart,13259,1,80000,0,0,0,0,0,0,0,0
2024,City/Other,Stewart County Unincorporated Area,13259627000,0,0,0,0,0,0,0,0,0,0
2025,City/Other,Stewart County Unincorporated Area,13259627000,0,0,0,0,0,0,0,0,0,0
2024,City/Other,Stockbridge,13151629000,185,52343341,0,0,0,0,0,0,0,0
2025,City/Other,Stockbridge,13151629000,205,59778889,0,0,0,0,0,0,0,0
2024,City/Other,Stone Mountain,13089630000,1,287588,0,0,0,0,0,0,0,0
2025,City/Other,Stone Mountain,13089630000,0,0,0,0,0,0,0,0,0,0
2024,City/Other,Stonecrest,13089629500,66,20180003,0,0,0,0,0,0,0,0
2025,City/Other,Stonecrest,13089629500,87,27669304,0,0,0,0,0,0,0,0
2024,City/Other,Sugar Hill,13135631000,251,36603428,12,1522602,0,0,4,507534,8,1015068
2025,City/Other,Sugar Hill,13135631000,129,35119213,72,12400776,0,0,0,0,72,12400776
2024,City/Other,Summerville,13055633000,0,0,0,0,0,0,0,0,0,0
2025,City/Other,Summerville,13055633000,0,0,0,0,0,0,0,0,0,0
2024,County,Sumter,13261,24,5252163,15,1406250,0,0,0,0,15,1406250
2025,County,Sumter,13261,24,7147534,12,1125000,0,0,0,0,12,1125000
2024,City/Other,Sumter County Unincorporated Area,13261635000,24,5252163,0,0,0,0,0,0,0,0
2025,City/Other,Sumter County Unincorporated Area,13261635000,24,7147534,0,0,0,0,0,0,0,0
2024,City/Other,Suwanee,13135638000,10,6460711,6,1491732,0,0,0,0,6,1491732
2025,City/Other,Suwanee,13135638000,48,28245803,14,4095392,14,4095392,0,0,0,0
2024,City/Other,Swainsboro,13107639000,0,0,0,0,0,0,0,0,0,0
2025,City/Other,Swainsboro,13107639000,0,0,0,0,0,0,0,0,0,0
2024,City/Other,Sylvester,13321642000,9,2251885,44,6245470,0,0,0,0,44,6245470
2025,City/Other,Sylvester,13321642000,4,1184820,36,5100149,0,0,0,0,36,5100149
2024,County,Talbot,13263,2,466258,0,0,0,0,0,0,0,0
2025,County,Talbot,13263,0,0,0,0,0,0,0,0,0,0
2024,City/Other,Talbot County Unincorporated Area,13263643000,2,466258,0,0,0,0,0,0,0,0
2025,City/Other,Talbot County Unincorporated Area,13263643000,0,0,0,0,0,0,0,0,0,0
2024,City/Other,Talking Rock,13227646000,4,1142032,0,0,0,0,0,0,0,0
2025,City/Other,Talking Rock,13227646000,6,4432000,0,0,0,0,0,0,0,0
2024,City/Other,Tallapoosa,13143647000,0,0,0,0,0,0,0,0,0,0
2025,City/Other,Tallapoosa,13143647000,5,1245000,0,0,0,0,0,0,0,0
2024,City/Other,Tallulah Falls,13137648000,1,150000,0,0,0,0,0,0,0,0
2025,City/Other,Tallulah Falls,13137648000,1,340411,0,0,0,0,0,0,0,0
2024,City/Other,Talmo,13157650000,0,0,0,0,0,0,0,0,0,0
2025,City/Other,Talmo,13157650000,101,30800000,0,0,0,0,0,0,0,0
2024,County,Tattnall,13267,52,10188250,0,0,0,0,0,0,0,0
2025,County,Tattnall,13267,74,21334350,0,0,0,0,0,0,0,0
2024,City/Other,Tattnall County Unincorporated Area,13267652000,36,5346000,0,0,0,0,0,0,0,0
2025,City/Other,Tattnall County Unincorporated Area,13267652000,56,16587480,0,0,0,0,0,0,0,0
2024,County,Taylor,13269,12,3212505,0,0,0,0,0,0,0,0
2025,County,Taylor,13269,14,4019862,0,0,0,0,0,0,0,0
2024,City/Other,Taylor County Unincorporated Area,13269653000,11,3162505,0,0,0,0,0,0,0,0
2025,City/Other,Taylor County Unincorporated Area,13269653000,14,4019862,0,0,0,0,0,0,0,0
2024,County,Telfair,13271,0,0,0,0,0,0,0,0,0,0
2025,County,Telfair,13271,0,0,0,0,0,0,0,0,0,0
2024,City/Other,Temple,13045657000,82,23499661,0,0,0,0,0,0,0,0
2025,City/Other,Temple,13045657000,62,18353034,37,6372621,0,0,0,0,37,6372621
2024,City/Other,Tennille,13303658000,1,75000,0,0,0,0,0,0,0,0
2025,City/Other,Tennille,13303658000,0,0,0,0,0,0,0,0,0,0
2024,County,Terrell,13273,5,1161256,0,0,0,0,0,0,0,0
2025,County,Terrell,13273,5,1161256,0,0,0,0,0,0,0,0
2024,City/Other,Terrell County Unincorporated Area,13273659000,3,907922,0,0,0,0,0,0,0,0
2025,City/Other,Terrell County Unincorporated Area,13273659000,3,907922,0,0,0,0,0,0,0,0
2024,County,Thomas,13275,141,36255316,72,5821921,0,0,0,0,72,5821921
2025,County,Thomas,13275,131,38204363,72,23267684,0,0,0,0,72,23267684
2024,City/Other,Thomas County Unincorporated Area,13275661000,95,24841641,72,5821921,0,0,0,0,72,5821921
2025,City/Other,Thomas County Unincorporated Area,13275661000,88,24967766,72,23267684,0,0,0,0,72,23267684
2024,City/Other,Thomaston,13293662000,9,4039620,4,387196,0,0,4,387196,0,0
2025,City/Other,Thomaston,13293662000,8,2668706,0,0,0,0,0,0,0,0
2024,City/Other,Thomasville,13275663000,46,11413675,0,0,0,0,0,0,0,0
2025,City/Other,Thomasville,13275663000,43,13236597,0,0,0,0,0,0,0,0
2024,City/Other,Thunderbolt,13051665000,3,960000,0,0,0,0,0,0,0,0
2025,City/Other,Thunderbolt,13051665000,2,498970,0,0,0,0,0,0,0,0
2024,County,Tift,13277,116,15455673,60,5089284,0,0,0,0,60,5089284
2025,County,Tift,13277,111,14537008,66,5598213,0,0,0,0,66,5598213
2024,City/Other,Tift County Unincorporated Area,13277666000,84,11325221,0,0,0,0,0,0,0,0
2025,City/Other,Tift County Unincorporated Area,13277666000,80,10535633,0,0,0,0,0,0,0,0
2024,City/Other,Tifton,13277667000,32,4130452,60,5089284,0,0,0,0,60,5089284
2025,City/Other,Tifton,13277667000,31,4001375,66,5598213,0,0,0,0,66,5598213
2024,City/Other,Toccoa,13257670000,47,10584950,0,0,0,0,0,0,0,0
2025,City/Other,Toccoa,13257670000,29,4868461,0,0,0,0,0,0,0,0
2024,County,Toombs,13279,9,1507500,24,2391705,18,1266705,6,1125000,0,0
2025,County,Toombs,13279,19,2483000,16,925000,0,0,6,600000,10,325000
2024,County,Towns,13281,96,43136303,2,500000,2,500000,0,0,0,0
2025,County,Towns,13281,84,41122115,0,0,0,0,0,0,0,0
2024,City/Other,Towns County Unincorporated Area,13281673000,91,40720303,0,0,0,0,0,0,0,0
2025,City/Other,Towns County Unincorporated Area,13281673000,76,36974770,0,0,0,0,0,0,0,0
2024,City/Other,Trenton,13083674000,9,1690000,0,0,0,0,0,0,0,0
2025,City/Other,Trenton,13083674000,5,1371845,4,646304,4,646304,0,0,0,0
2024,County,Treutlen,13283,0,0,0,0,0,0,0,0,0,0
2025,County,Treutlen,13283,0,0,4,200000,0,0,4,200000,0,0
2024,City/Other,Trion,13055676000,2,506434,0,0,0,0,0,0,0,0
2025,City/Other,Trion,13055676000,2,506434,0,0,0,0,0,0,0,0
2024,County,Troup,13285,400,135283734,2,300000,2,300000,0,0,0,0
2025,County,Troup,13285,418,130606433,300,59384389,10,1784389,0,0,290,57600000
2024,City/Other,Troup County Unincorporated Area,13285677000,131,48381766,0,0,0,0,0,0,0,0
2025,City/Other,Troup County Unincorporated Area,13285677000,92,33796371,0,0,0,0,0,0,0,0
2024,City/Other,Tucker,13089677800,39,19787651,0,0,0,0,0,0,0,0
2025,City/Other,Tucker,13089677800,7,2832127,0,0,0,0,0,0,0,0
2024,City/Other,Turin,13077679000,0,0,0,0,0,0,0,0,0,0
2025,City/Other,Turin,13077679000,2,330000,0,0,0,0,0,0,0,0
2024,County,Turner,13287,4,1210562,0,0,0,0,0,0,0,0
2025,County,Turner,13287,3,888615,0,0,0,0,0,0,0,0
2024,City/Other,Turner County,13287680000,4,1210562,0,0,0,0,0,0,0,0
2025,City/Other,Turner County,13287680000,3,888615,0,0,0,0,0,0,0,0
2024,County,Twiggs,13289,7,1440000,0,0,0,0,0,0,0,0
2025,County,Twiggs,13289,13,5260000,0,0,0,0,0,0,0,0
2024,City/Other,Twiggs County Unincorporated Area,13289681000,7,1440000,0,0,0,0,0,0,0,0
2025,City/Other,Twiggs County Unincorporated Area,13289681000,13,5260000,0,0,0,0,0,0,0,0
2024,City/Other,Twin City,13107682000,0,0,0,0,0,0,0,0,0,0
2025,City/Other,Twin City,13107682000,0,0,0,0,0,0,0,0,0,0
2024,City/Other,Tybee Island,13051684000,11,5740000,0,0,0,0,0,0,0,0
2025,City/Other,Tybee Island,13051684000,13,8127741,0,0,0,0,0,0,0,0
2024,City/Other,Tyrone,13113685000,16,7142380,0,0,0,0,0,0,0,0
2025,City/Other,Tyrone,13113685000,14,6231166,0,0,0,0,0,0,0,0
2024,County,Union,13291,281,116134103,0,0,0,0,0,0,0,0
2025,County,Union,13291,264,113594722,0,0,0,0,0,0,0,0
2024,City/Other,Union City,13121687000,269,63075972,652,85453648,0,0,8,406717,644,85046931
2025,City/Other,Union City,13121687000,232,51100458,380,49695648,0,0,6,305038,374,49390610
2024,City/Other,Union County,13291688000,281,116134103,0,0,0,0,0,0,0,0
2025,City/Other,Union County,13291688000,264,113594722,0,0,0,0,0,0,0,0
2024,County,Upson,13293,129,36035000,4,387196,0,0,4,387196,0,0
2025,County,Upson,13293,127,36929312,0,0,0,0,0,0,0,0
2024,City/Other,Upson County Unincorporated Area,13293690000,59,15507367,0,0,0,0,0,0,0,0
2025,City/Other,Upson County Unincorporated Area,13293690000,55,16961708,0,0,0,0,0,0,0,0
2024,City/Other,Valdosta,13185692000,545,130767547,0,0,0,0,0,0,0,0
2025,City/Other,Valdosta,13185692000,507,122891396,0,0,0,0,0,0,0,0
2024,City/Other,Vernonburg,13051694000,1,287588,0,0,0,0,0,0,0,0
2025,City/Other,Vernonburg,13051694000,0,0,0,0,0,0,0,0,0,0
2024,City/Other,Vidalia,13279696000,9,1507500,24,2391705,18,1266705,6,1125000,0,0
2025,City/Other,Vidalia,13279696000,19,2483000,16,925000,0,0,6,600000,10,325000
2024,City/Other,Villa Rica,13045698000,234,73738000,143,19710376,0,0,0,0,143,19710376
2025,City/Other,Villa Rica,13045698000,336,116051609,252,38513870,0,0,0,0,252,38513870
2024,City/Other,Wadley,13163701000,0,0,0,0,0,0,0,0,0,0
2025,City/Other,Wadley,13163701000,0,0,0,0,0,0,0,0,0,0
2024,County,Walker,13295,317,80513855,27,1280000,0,0,3,300000,24,980000
2025,County,Walker,13295,281,96009539,18,1571152,18,1571152,0,0,0,0
2024,City/Other,Walker County Unincorporated Area,13295703000,276,73866000,0,0,0,0,0,0,0,0
2025,City/Other,Walker County Unincorporated Area,13295703000,244,87625000,0,0,0,0,0,0,0,0
2024,City/Other,Walnut Grove,13297704000,26,7477296,0,0,0,0,0,0,0,0
2025,City/Other,Walnut Grove,13297704000,8,2033547,0,0,0,0,0,0,0,0
2024,County,Walton,13297,648,180712285,20,3186100,0,0,3,425000,17,2761100
2025,County,Walton,13297,549,164598745,20,2821025,0,0,4,534058,16,2286967
2024,City/Other,Walton County Unincorporated Area,13297706000,513,147137509,0,0,0,0,0,0,0,0
2025,City/Other,Walton County Unincorporated Area,13297706000,387,113488056,0,0,0,0,0,0,0,0
2024,County,Ware,13299,37,5994870,13,981631,6,398640,7,582991,0,0
2025,County,Ware,13299,36,5297379,83,5713683,8,743290,3,170393,72,4800000
2024,City/Other,Ware County Unincorporated Area,13299707000,30,4338870,10,625831,6,398640,4,227191,0,0
2025,City/Other,Ware County Unincorporated Area,13299707000,28,3897379,7,436153,4,265760,3,170393,0,0
2024,City/Other,Warm Springs,13199708000,0,0,0,0,0,0,0,0,0,0
2025,City/Other,Warm Springs,13199708000,0,0,0,0,0,0,0,0,0,0
2024,City/Other,Warner Robins,13153709000,425,95131112,330,14789222,0,0,0,0,330,14789222
2025,City/Other,Warner Robins,13153709000,342,60215516,0,0,0,0,0,0,0,0
2024,County,Warren,13301,0,0,0,0,0,0,0,0,0,0
2025,County,Warren,13301,0,0,0,0,0,0,0,0,0,0
2024,City/Other,Warrenton,13301711000,0,0,0,0,0,0,0,0,0,0
2025,City/Other,Warrenton,13301711000,0,0,0,0,0,0,0,0,0,0
2024,County,Washington,13303,48,13953827,0,0,0,0,0,0,0,0
2024,City/Other,Washington,13317713000,34,5997960,12,1800000,0,0,12,1800000,0,0
2025,County,Washington,13303,99,28991885,0,0,0,0,0,0,0,0
2025,City/Other,Washington,13317713000,5,1036102,8,950000,0,0,8,950000,0,0
2024,City/Other,Washington County Unincorporated Area,13303714000,45,13618827,0,0,0,0,0,0,0,0
2025,City/Other,Washington County Unincorporated Area,13303714000,97,28731885,0,0,0,0,0,0,0,0
2024,City/Other,Watkinsville,13219715000,119,55011261,0,0,0,0,0,0,0,0
2025,City/Other,Watkinsville,13219715000,109,50399363,0,0,0,0,0,0,0,0
2024,City/Other,Waycross,13299718000,7,1656000,3,355800,0,0,3,355800,0,0
2025,City/Other,Waycross,13299718000,8,1400000,76,5277530,4,477530,0,0,72,4800000
2024,County,Wayne,13305,133,28675043,32,2374000,24,1674000,8,700000,0,0
2025,County,Wayne,13305,98,22099450,4,396000,4,396000,0,0,0,0
2024,City/Other,Wayne County Unincorporated Area,13305719000,105,22327578,18,1080000,18,1080000,0,0,0,0
2025,City/Other,Wayne County Unincorporated Area,13305719000,70,16375700,0,0,0,0,0,0,0,0
2024,City/Other,Waynesboro,13033720000,5,932667,0,0,0,0,0,0,0,0
2025,City/Other,Waynesboro,13033720000,3,480000,48,11249462,0,0,0,0,48,11249462
2024,County,Webster,13307,9,1240000,0,0,0,0,0,0,0,0
2025,County,Webster,13307,9,1240000,0,0,0,0,0,0,0,0
2024,City/Other,Webster County Unincorporated Area,13307721000,9,1240000,0,0,0,0,0,0,0,0
2025,City/Other,Webster County Unincorporated Area,13307721000,9,1240000,0,0,0,0,0,0,0,0
2024,City/Other,West Point,13285723000,29,3335000,0,0,0,0,0,0,0,0
2025,City/Other,West Point,13285723000,28,3220000,0,0,0,0,0,0,0,0
2024,County,Wheeler,13309,0,0,0,0,0,0,0,0,0,0
2025,County,Wheeler,13309,0,0,0,0,0,0,0,0,0,0
2024,County,White,13311,180,48741134,0,0,0,0,0,0,0,0
2024,City/Other,White,13015729000,1,287588,0,0,0,0,0,0,0,0
2025,County,White,13311,188,54009905,2,500000,2,500000,0,0,0,0
2025,City/Other,White,13015729000,0,0,0,0,0,0,0,0,0,0
2024,City/Other,White County Unincorporated Area,13311727000,147,43807466,0,0,0,0,0,0,0,0
2025,City/Other,White County Unincorporated Area,13311727000,155,46188505,0,0,0,0,0,0,0,0
2024,County,Whitfield,13313,270,47861269,104,8230469,48,3133641,21,2764078,35,2332750
2025,County,Whitfield,13313,297,62208791,112,9691550,112,9691550,0,0,0,0
2024,City/Other,Whitfield County Unincorporated Area,13313731000,262,45577205,104,8230469,48,3133641,21,2764078,35,2332750
2025,City/Other,Whitfield County Unincorporated Area,13313731000,284,58360574,112,9691550,112,9691550,0,0,0,0
2024,County,Wilkes,13317,49,10556960,24,3600000,0,0,24,3600000,0,0
2025,County,Wilkes,13317,29,7458863,8,950000,0,0,8,950000,0,0
2024,City/Other,Wilkes County Unincorporated Area,13317733000,15,4559000,12,1800000,0,0,12,1800000,0,0
2025,City/Other,Wilkes County Unincorporated Area,13317733000,24,6422761,0,0,0,0,0,0,0,0
2024,County,Wilkinson,13319,0,0,0,0,0,0,0,0,0,0
2025,County,Wilkinson,13319,18,4500000,0,0,0,0,0,0,0,0
2024,City/Other,Wilkinson County Unincorporated Area,13319734000,0,0,0,0,0,0,0,0,0,0
2025,City/Other,Wilkinson County Unincorporated Area,13319734000,18,4500000,0,0,0,0,0,0,0,0
2024,City/Other,Winder,13013737000,251,76524646,67,25867894,0,0,0,0,67,25867894
2025,City/Other,Winder,13013737000,305,105287869,0,0,0,0,0,0,0,0
2024,City/Other,Woodbine,13039739000,8,1000000,0,0,0,0,0,0,0,0
2025,City/Other,Woodbine,13039739000,7,776375,0,0,0,0,0,0,0,0
2024,City/Other,Woodbury,13199740000,0,0,0,0,0,0,0,0,0,0
2025,City/Other,Woodbury,13199740000,0,0,0,0,0,0,0,0,0,0
2024,City/Other,Woodland,13263741000,0,0,0,0,0,0,0,0,0,0
2025,City/Other,Woodland,13263741000,0,0,0,0,0,0,0,0,0,0
2024,City/Other,Woodstock,13057742000,296,172576203,0,0,0,0,0,0,0,0
2025,City/Other,Woodstock,13057742000,222,112745626,0,0,0,0,0,0,0,0
2024,County,Worth,13321,32,8124061,44,6245470,0,0,0,0,44,6245470
2025,County,Worth,13321,25,6729066,36,5100149,0,0,0,0,36,5100149
2024,City/Other,Worth County Unincorporated Area,13321745000,23,5872176,0,0,0,0,0,0,0,0
2025,City/Other,Worth County Unincorporated Area,13321745000,21,5544246,0,0,0,0,0,0,0,0
2024,City/Other,Wrightsville,13167747000,0,0,0,0,0,0,0,0,0,0
2025,City/Other,Wrightsville,13167747000,0,0,0,0,0,0,0,0,0,0
2024,City/Other,Yatesville,13293748000,61,16488013,0,0,0,0,0,0,0,0
2025,City/Other,Yatesville,13293748000,64,17298898,0,0,0,0,0,0,0,0
2024,City/Other,Young Harris,13281749000,4,1800000,0,0,0,0,0,0,0,0
2025,City/Other,Young Harris,13281749000,4,1800000,0,0,0,0,0,0,0,0
